,date,Adj Close,gtrends,detrended,Comments_int,Score_int,Comments_pred,Comments_pred2,tweet_num,positive_Twitter,negative_Twitter,musk_Twitter,meme_Twitter,Happy_Twitter,Fear_Twitter,Angry_Twitter,Sad_Twitter,Surprise_Twitter,positive_Reddit,meme_Reddit,negative_Reddit,musk_Reddit,Happy_Reddit,Fear_Reddit,Angry_Reddit,Sad_Reddit,Surprise_Reddit,meme_Reddit_pred,musk_Twitter/tweet_num,musk_Twitter/tweet_num_pred,meme_Twitter_pred,tweet_num_pred,all_comm,all_comm_pred
0,2020-03-05,3.96,5.75,42.19265585472271,8,2.0,8.0,8.0,0.0,0.0,0.0,0.0,0.0,0.0,0.0,0.0,0.0,0.0,1.0,0.0,1.0,0.0,0.18,0.18,0.18,0.09,0.36,0.0,0.0,0.0,0.0,0.0,8.0,8.0
1,2020-03-06,3.92,7.5,41.6117250606733,4,2.0,4.0,4.0,1.0,1.0,0.0,0.0,0.0,0.0,0.0,0.0,0.0,0.0,0.5,0.0,0.5,0.0,0.1625,0.225,0.1525,0.1225,0.33,0.0,0.0,0.0,0.0,1.0,5.0,5.0
2,2020-03-09,3.7,9.5,40.85079426662389,0,2.0,0.0,0.0,2.0,0.5,0.5,0.0,0.0,0.07,0.145,0.0,0.145,0.145,0.0,0.0,0.0,0.0,0.145,0.27,0.125,0.155,0.3,0.0,0.0,0.0,0.0,2.0,2.0,2.0
3,2020-03-10,4.23,7.75,40.839863472574464,0,5.0,0.0,0.0,3.0,0.0,1.0,0.0,0.0,0.14,0.29,0.0,0.29,0.29,0.0,0.0,0.0,0.0,0.1275,0.315,0.0975,0.1875,0.27,0.0,0.0,0.0,0.0,3.0,3.0,3.0
4,2020-03-11,4.14,6.5,40.20893267852506,91,4.0,91.0,91.0,1.0,0.0,0.0,0.0,0.0,0.0,0.25,0.5,0.0,0.25,5.0,1.0,16.0,0.0,0.11,0.36,0.07,0.22,0.24,1.0,0.0,0.0,0.0,1.0,92.0,92.0
5,2020-03-12,3.98,8.0,39.50800188447564,44,2.0,44.0,44.0,1.0,0.0,0.0,0.0,0.0,0.0,0.125,0.25,0.0,0.125,7.0,1.0,18.0,0.0,0.21,0.41,0.08,0.14,0.16,1.0,0.0,0.0,0.0,1.0,45.0,45.0
6,2020-03-13,4.59,9.75,39.57707109042622,47,2.0,47.0,47.0,1.0,0.0,0.0,0.0,0.0,0.0,0.0,0.0,0.0,0.0,8.0,0.0,8.0,0.0,0.09,0.41,0.07,0.23,0.2,0.0,0.0,0.0,0.0,1.0,48.0,48.0
7,2020-03-16,4.37,10.0,38.816140296376815,57,4.0,57.0,57.0,1.5,0.5,1.0,0.0,0.0,0.0,0.5,0.0,0.0,0.0,1.0,0.0,7.0,0.0,0.08,0.51,0.05,0.22,0.14,0.0,0.0,0.0,0.0,1.5,58.5,58.5
8,2020-03-17,4.23,9.5,38.1352095023274,168,19.0,168.0,168.0,2.0,1.0,2.0,0.0,0.0,0.0,1.0,0.0,0.0,0.0,26.0,0.0,49.0,0.0,0.13,0.37,0.06,0.2,0.24,0.0,0.0,0.0,0.0,2.0,170.0,170.0
9,2020-03-18,3.77,11.25,37.134278708277996,59,8.0,59.0,59.0,1.0,0.0,2.0,0.0,0.0,0.0,1.0,0.0,0.0,0.0,4.0,0.0,18.0,0.0,0.22,0.31,0.04,0.22,0.21,0.0,0.0,0.0,0.0,1.0,60.0,60.0
10,2020-03-19,4.19,14.0,37.013347914228575,7,1.0,7.0,7.0,2.5,0.0,1.5,0.0,0.0,0.0,0.56,0.19,0.06,0.19,1.0,0.0,2.0,0.0,0.29,0.25,0.08,0.21,0.17,0.0,0.0,0.0,0.0,2.5,9.5,9.5
11,2020-03-20,3.76,18.5,36.04241712017916,524,68.0,524.0,524.0,4.0,0.0,1.0,0.0,0.0,0.0,0.12,0.38,0.12,0.38,64.0,5.0,110.0,0.0,0.16,0.33,0.05,0.24,0.21,5.0,0.0,0.0,0.0,4.0,528.0,528.0
12,2020-03-23,3.81,11.75,35.55148632612975,195,6.0,195.0,195.0,1.0,0.0,0.0,0.0,0.0,0.0,0.0,0.0,0.0,0.0,32.0,3.0,41.0,0.0,0.15,0.35,0.09,0.2,0.21,3.0,0.0,0.0,0.0,1.0,196.0,196.0
13,2020-03-24,4.16,11.0,35.36055553208035,116,2.0,116.0,116.0,1.3333333333333333,0.0,2.0,0.0,0.0,0.0,0.16666666666666666,0.0,0.05666666666666668,0.11,21.0,2.0,36.0,0.0,0.16,0.4,0.1,0.21,0.13,2.0,0.0,0.0,0.0,1.3333333333333333,117.33333333333333,117.33333333333333
14,2020-03-25,4.17,10.5,34.82962473803092,224,7.0,224.0,224.0,1.6666666666666663,0.0,4.0,0.0,0.0,0.0,0.3333333333333333,0.0,0.11333333333333336,0.22,31.0,1.0,57.0,0.0,0.14,0.34,0.06,0.26,0.2,1.0,0.0,0.0,0.0,1.6666666666666663,225.66666666666666,225.66666666666666
15,2020-03-26,4.41,11.0,34.528693943981516,262,38.0,262.0,262.0,2.0,0.0,6.0,0.0,0.0,0.0,0.5,0.0,0.17,0.33,23.0,2.0,54.0,0.0,0.15,0.33,0.09,0.24,0.19,2.0,0.0,0.0,0.0,2.0,264.0,264.0
16,2020-03-27,4.22,11.5,33.79776314993209,213,13.0,213.0,213.0,7.0,2.0,3.0,0.0,0.0,0.16,0.42,0.05,0.16,0.21,21.0,0.0,32.0,1.0,0.13,0.37,0.08,0.24,0.19,0.0,0.0,0.0,0.0,7.0,220.0,220.0
17,2020-03-30,3.65,10.0,32.68683235588269,0,1.0,0.0,0.0,4.5,1.0,1.5,0.0,0.0,0.08,0.21,0.025,0.08,0.105,0.0,0.0,0.0,0.0,0.14,0.345,0.08499999999999999,0.245,0.2,0.0,0.0,0.0,0.0,4.5,4.5,4.5
18,2020-03-31,3.5,9.25,31.995901561833268,73,2.0,73.0,73.0,2.0,0.0,0.0,0.0,0.0,0.0,0.0,0.0,0.0,0.0,4.0,1.0,12.0,0.0,0.15,0.32,0.09,0.25,0.21,1.0,0.0,0.0,0.0,2.0,75.0,75.0
19,2020-04-01,3.25,9.25,31.204970767783852,104,3.0,104.0,104.0,1.0,0.0,0.0,0.0,0.0,0.0,1.0,0.0,0.0,0.0,16.0,0.0,41.0,0.0,0.16,0.31,0.1,0.24,0.19,0.0,0.0,0.0,0.0,1.0,105.0,105.0
20,2020-04-02,2.85,9.25,30.264039973734445,0,1.0,0.0,0.0,1.2,0.6,0.0,0.0,0.0,0.066,0.866,0.0,0.066,0.0,0.0,0.0,0.0,0.0,0.15333333333333335,0.3366666666666667,0.08333333333333334,0.2433333333333333,0.18333333333333326,0.0,0.0,0.0,0.0,1.2,1.2,1.2
21,2020-04-03,2.8,10.0,29.67310917968503,0,2.0,0.0,0.0,1.4,1.2,0.0,0.0,0.0,0.132,0.732,0.0,0.132,0.0,0.0,0.0,0.0,0.0,0.14666666666666667,0.3633333333333333,0.06666666666666668,0.2466666666666667,0.17666666666666667,0.0,0.0,0.0,0.0,1.4,1.4,1.4
22,2020-04-06,3.09,9.0,29.42217838563561,111,40.0,111.0,111.0,1.6,1.7999999999999998,0.0,0.0,0.0,0.198,0.5980000000000001,0.0,0.198,0.0,11.0,2.0,14.0,0.0,0.14,0.39,0.05,0.25,0.17,2.0,0.0,0.0,0.0,1.6,112.6,112.6
23,2020-04-07,3.27,8.5,29.0612475915862,0,2.0,0.0,0.0,1.8,2.4,0.0,0.0,0.0,0.264,0.4640000000000001,0.0,0.264,0.0,0.0,0.0,0.0,0.0,0.13,0.41,0.055,0.25,0.15000000000000002,0.0,0.0,0.0,0.0,1.8,1.8,1.8
24,2020-04-08,3.41,8.5,28.660316797536787,94,30.0,94.0,94.0,2.0,3.0,0.0,0.0,0.0,0.33,0.33,0.0,0.33,0.0,13.0,1.0,40.0,0.0,0.12,0.43,0.06,0.25,0.13,1.0,0.0,0.0,0.0,2.0,96.0,96.0
25,2020-04-09,3.89,9.5,28.59938600348738,49,11.0,49.0,49.0,1.0,2.0,0.0,0.0,0.0,0.0,0.0,0.0,1.0,0.0,2.0,0.0,7.0,0.0,0.15,0.34,0.08,0.31,0.13,0.0,0.0,0.0,0.0,1.0,50.0,50.0
26,2020-04-13,4.74,8.5,28.90845520943797,167,45.0,167.0,167.0,2.0,2.5,0.0,0.0,0.0,0.0,0.335,0.0,0.665,0.0,17.0,1.0,31.0,0.0,0.2,0.36,0.08,0.19,0.17,1.0,0.0,0.0,0.0,2.0,169.0,169.0
27,2020-04-14,5.95,9.0,29.577524415388552,260,227.0,260.0,260.0,3.0,3.0,0.0,0.0,0.0,0.0,0.67,0.0,0.33,0.0,42.0,4.0,63.0,1.0,0.13,0.35,0.08,0.25,0.18,4.0,0.0,0.0,0.0,3.0,263.0,263.0
28,2020-04-15,5.27,11.5,28.356593621339137,254,351.0,254.0,254.0,1.0,1.0,0.0,0.0,0.0,0.0,1.0,0.0,0.0,0.0,31.0,5.0,47.0,0.0,0.15,0.34,0.08,0.23,0.2,5.0,0.0,0.0,0.0,1.0,255.0,255.0
29,2020-04-16,5.03,11.0,27.57566282728973,56,24.0,56.0,56.0,1.0,0.0,1.0,0.0,0.0,0.0,1.0,0.0,0.0,0.0,4.0,2.0,10.0,0.0,0.16,0.4,0.07,0.22,0.16,2.0,0.0,0.0,0.0,1.0,57.0,57.0
30,2020-04-17,4.88,10.75,26.884732033240308,39,18.0,39.0,39.0,1.0,0.0,0.6666666666666667,0.0,0.0,0.08333333333333333,0.6666666666666667,0.08333333333333333,0.16666666666666666,0.0,5.0,3.0,17.0,0.0,0.1,0.36,0.07,0.28,0.19,3.0,0.0,0.0,0.0,1.0,40.0,40.0
31,2020-04-20,5.61,9.25,27.07380123919089,303,3.0,303.0,303.0,1.0,0.0,0.33333333333333337,0.0,0.0,0.16666666666666666,0.33333333333333337,0.16666666666666666,0.3333333333333333,0.0,67.0,5.0,97.0,0.0,0.14,0.4,0.07,0.23,0.16,5.0,0.0,0.0,0.0,1.0,304.0,304.0
32,2020-04-21,4.78,9.25,25.702870445141482,15,4.0,15.0,15.0,1.0,0.0,0.0,0.0,0.0,0.25,0.0,0.25,0.5,0.0,2.0,0.0,3.0,0.0,0.18,0.39,0.07,0.25,0.11,0.0,0.0,0.0,0.0,1.0,16.0,16.0
33,2020-04-22,4.89,9.25,25.271939651092072,84,3.0,84.0,84.0,1.0,1.0,1.0,0.0,0.0,0.0,0.0,0.0,1.0,0.0,6.0,0.0,10.0,0.0,0.11,0.3,0.08,0.23,0.28,0.0,0.0,0.0,0.0,1.0,85.0,85.0
34,2020-04-23,4.7,8.75,24.541008857042666,46,4.0,46.0,46.0,1.5,1.0,1.0,0.0,0.0,0.0,0.25,0.0,0.75,0.0,12.0,0.0,21.0,0.0,0.16,0.37,0.07,0.2,0.2,0.0,0.0,0.0,0.0,1.5,47.5,47.5
35,2020-04-24,4.77,9.5,24.07007806299325,53,5.0,53.0,53.0,2.0,1.0,1.0,0.0,0.0,0.0,0.5,0.0,0.5,0.0,8.0,1.0,14.5,0.0,0.14500000000000002,0.315,0.07500000000000001,0.205,0.255,1.0,0.0,0.0,0.0,2.0,55.0,55.0
36,2020-04-27,5.82,8.5,24.579147268943828,61,6.0,61.0,61.0,1.0,0.0,0.0,0.0,0.0,0.0,0.0,0.0,0.0,0.0,4.0,2.0,8.0,0.0,0.13,0.26,0.08,0.21,0.31,2.0,0.0,0.0,0.0,1.0,62.0,62.0
37,2020-04-28,5.64,8.75,23.858216474894423,36,3.0,36.0,36.0,1.0,0.0,0.3333333333333333,0.0,0.0,0.11,0.22333333333333336,0.0,0.0,0.0,4.0,0.0,4.0,0.0,0.12,0.44,0.05,0.23,0.16,0.0,0.0,0.0,0.0,1.0,37.0,37.0
38,2020-04-29,6.04,9.5,23.717285680845,18,2.0,18.0,18.0,1.0,0.0,0.6666666666666666,0.0,0.0,0.22,0.4466666666666667,0.0,0.0,0.0,2.0,0.0,2.0,0.0,0.14,0.28,0.14,0.22,0.22,0.0,0.0,0.0,0.0,1.0,19.0,19.0
39,2020-04-30,5.73,9.75,22.866354886795587,165,4.0,165.0,165.0,1.0,0.0,1.0,0.0,0.0,0.33,0.67,0.0,0.0,0.0,28.0,2.0,69.0,0.0,0.1,0.44,0.08,0.23,0.15,2.0,0.0,0.0,0.0,1.0,166.0,166.0
40,2020-05-01,6.05,10.0,22.645424092746183,85,2.5,85.0,85.0,1.0,0.0,0.9090909090909092,0.0,0.0,0.3,0.6090909090909091,0.0,0.0,0.0,14.5,1.0,35.5,0.0,0.1,0.42,0.09,0.165,0.225,1.0,0.0,0.0,0.0,1.0,86.0,86.0
41,2020-05-04,5.48,8.0,21.534493298696766,5,1.0,5.0,5.0,1.0,0.0,0.8181818181818181,0.0,0.0,0.27,0.5481818181818182,0.0,0.0,0.0,1.0,0.0,2.0,0.0,0.1,0.4,0.1,0.1,0.3,0.0,0.0,0.0,0.0,1.0,6.0,6.0
42,2020-05-05,5.39,8.5,20.90356250464736,22,1.75,22.0,22.0,1.0,0.0,0.7272727272727273,0.0,0.0,0.24,0.4872727272727273,0.0,0.0,0.0,2.0,0.0,8.5,0.0,0.1125,0.385,0.1,0.1275,0.275,0.0,0.0,0.0,0.0,1.0,23.0,23.0
43,2020-05-06,4.93,8.5,19.90263171059793,40,2.5,40.0,40.0,1.0,0.0,0.6363636363636364,0.0,0.0,0.21,0.4263636363636364,0.0,0.0,0.0,3.0,0.0,15.0,0.0,0.125,0.37,0.1,0.155,0.25,0.0,0.0,0.0,0.0,1.0,41.0,41.0
44,2020-05-07,4.87,8.5,19.301700916548526,57,3.25,57.0,57.0,1.0,0.0,0.5454545454545454,0.0,0.0,0.18,0.3654545454545455,0.0,0.0,0.0,4.0,0.0,21.5,0.0,0.1375,0.35500000000000004,0.1,0.1825,0.225,0.0,0.0,0.0,0.0,1.0,58.0,58.0
45,2020-05-08,4.98,8.75,18.87077012249912,75,4.0,75.0,75.0,1.0,0.0,0.4545454545454546,0.0,0.0,0.15,0.30454545454545456,0.0,0.0,0.0,5.0,0.0,28.0,0.0,0.15,0.34,0.1,0.21,0.2,0.0,0.0,0.0,0.0,1.0,76.0,76.0
46,2020-05-11,4.76,8.25,18.10983932844969,64,3.571428571428572,64.0,64.0,1.0,0.0,0.3636363636363637,0.0,0.0,0.12,0.24363636363636365,0.0,0.0,0.0,4.285714285714286,0.0,24.0,0.0,0.155,0.34,0.105,0.2,0.20125,0.0,0.0,0.0,0.0,1.0,65.0,65.0
47,2020-05-12,4.54,8.5,17.348908534400284,53,3.1428571428571432,53.0,53.0,1.0,0.0,0.2727272727272727,0.0,0.0,0.09,0.18272727272727274,0.0,0.0,0.0,3.571428571428571,0.0,20.0,0.0,0.16,0.34,0.11,0.19,0.2025,0.0,0.0,0.0,0.0,1.0,54.0,54.0
48,2020-05-13,4.21,8.5,16.477977740350873,42,2.7142857142857144,42.0,42.0,1.0,0.0,0.1818181818181817,0.0,0.0,0.06,0.12181818181818185,0.0,0.0,0.0,2.8571428571428568,0.0,16.0,0.0,0.165,0.34,0.115,0.18,0.20375,0.0,0.0,0.0,0.0,1.0,43.0,43.0
49,2020-05-14,4.13,8.25,15.85704694630146,32,2.2857142857142856,32.0,32.0,1.0,0.0,0.09090909090909084,0.0,0.0,0.029999999999999968,0.06090909090909091,0.0,0.0,0.0,2.142857142857143,0.0,12.0,0.0,0.16999999999999998,0.34,0.12,0.16999999999999998,0.205,0.0,0.0,0.0,0.0,1.0,33.0,33.0
50,2020-05-15,4.22,9.5,15.406116152252045,21,1.8571428571428568,21.0,21.0,1.0,0.0,0.0,0.0,0.0,0.0,0.0,0.0,0.0,0.0,1.4285714285714284,0.0,8.0,0.0,0.175,0.34,0.125,0.16,0.20625,0.0,0.0,0.0,0.0,1.0,22.0,22.0
51,2020-05-18,4.58,9.5,15.225185358202634,10,1.4285714285714288,10.0,10.0,1.5,0.0,2.0,0.0,0.0,0.12,0.19,0.095,0.095,0.0,0.7142857142857144,0.0,4.0,0.0,0.18,0.34,0.13,0.15,0.2075,0.0,0.0,0.0,0.0,1.5,11.5,11.5
52,2020-05-19,4.44,9.0,14.54425456415322,0,1.0,0.0,0.0,2.0,0.0,4.0,0.0,0.0,0.24,0.38,0.19,0.19,0.0,0.0,0.0,0.0,0.0,0.185,0.34,0.135,0.14,0.20875,0.0,0.0,0.0,0.0,2.0,2.0,2.0
53,2020-05-20,4.43,9.25,13.993323770103807,36,1.0,36.0,36.0,1.5,0.0,2.0,0.0,0.0,0.12,0.19,0.095,0.095,0.0,16.0,1.0,16.0,0.0,0.19,0.34,0.14,0.13,0.21,1.0,0.0,0.0,0.0,1.5,37.5,37.5
54,2020-05-21,4.44,8.75,13.462392976054392,8,1.0,8.0,8.0,1.0,0.0,0.0,0.0,0.0,0.0,0.0,0.0,0.0,0.0,2.0,0.0,2.0,0.0,0.27,0.27,0.07,0.13,0.27,0.0,0.0,0.0,0.0,1.0,9.0,9.0
55,2020-05-22,4.18,9.25,12.661462182004971,132,1.3333333333333333,132.0,132.0,1.25,0.0,0.0,0.0,0.0,0.05,0.1,0.0,0.0,0.1,24.0,1.6666666666666667,43.66666666666666,0.0,0.2266666666666667,0.3066666666666667,0.06333333333333334,0.15333333333333335,0.2533333333333333,1.6666666666666667,0.0,0.0,0.0,1.25,133.25,133.25
56,2020-05-26,4.42,8.5,12.360531387955566,256,1.6666666666666663,256.0,256.0,1.5,0.0,0.0,0.0,0.0,0.1,0.2,0.0,0.0,0.2,46.0,3.333333333333333,85.33333333333333,0.0,0.18333333333333326,0.3433333333333333,0.05666666666666668,0.17666666666666667,0.23666666666666664,3.333333333333333,0.0,0.0,0.0,1.5,257.5,257.5
57,2020-05-27,4.69,9.25,12.089600593906155,380,2.0,380.0,380.0,1.75,0.0,0.0,0.0,0.0,0.15000000000000002,0.30000000000000004,0.0,0.0,0.30000000000000004,68.0,5.0,127.0,0.0,0.14,0.38,0.05,0.2,0.22,5.0,0.0,0.0,0.0,1.75,381.75,381.75
58,2020-05-28,4.33,8.5,11.188669799856742,256,1.3333333333333337,256.0,256.0,2.0,0.0,0.0,0.0,0.0,0.2,0.4,0.0,0.0,0.4,45.66666666666667,3.333333333333333,84.66666666666666,0.0,0.14333333333333334,0.38,0.03333333333333334,0.16,0.2733333333333333,3.333333333333333,0.0,0.0,0.0,2.0,258.0,258.0
59,2020-05-29,4.06,8.25,10.377739005807324,132,0.6666666666666667,132.0,132.0,1.75,0.0,0.0,0.0,0.0,0.15000000000000002,0.55,0.0,0.0,0.30000000000000004,23.333333333333336,1.6666666666666663,42.33333333333333,0.0,0.14666666666666667,0.38,0.01666666666666667,0.12,0.32666666666666666,1.6666666666666663,0.0,0.0,0.0,1.75,133.75,133.75
60,2020-06-01,4.13,7.5,9.906808211757907,9,0.0,9.0,9.0,1.5,0.0,0.0,0.0,0.0,0.1,0.7,0.0,0.0,0.2,1.0,0.0,0.0,0.0,0.15,0.38,0.0,0.08,0.38,0.0,0.0,0.0,0.0,1.5,10.5,10.5
61,2020-06-02,4.18,7.0,9.415877417708499,0,1.0,0.0,0.0,1.25,0.0,0.0,0.0,0.0,0.04999999999999999,0.85,0.0,0.0,0.09999999999999998,0.0,0.0,0.0,0.0,0.16,0.37333333333333335,0.043333333333333335,0.11333333333333336,0.3033333333333333,0.0,0.0,0.0,0.0,1.25,1.25,1.25
62,2020-06-03,4.44,8.25,9.134946623659086,63,1.5,63.0,63.0,1.0,0.0,0.0,0.0,0.0,0.0,1.0,0.0,0.0,0.0,7.0,1.5,11.0,0.0,0.16999999999999998,0.3666666666666665,0.08666666666666667,0.14666666666666667,0.22666666666666666,1.5,0.0,0.0,0.0,1.0,64.0,64.0
63,2020-06-04,4.47,8.75,8.624015829609673,126,2.0,126.0,126.0,1.0,0.0,0.0,0.0,0.0,0.5,0.5,0.0,0.0,0.0,14.0,3.0,22.0,0.0,0.18,0.36,0.13,0.18,0.15,3.0,0.0,0.0,0.0,1.0,127.0,127.0
64,2020-06-05,4.14,10.25,7.75308503556026,2,3.0,2.0,2.0,6.0,0.0,2.0,0.0,0.0,0.0,0.78,0.11,0.06,0.06,0.0,0.0,1.0,0.0,0.0,0.0,0.2,0.2,0.6,0.0,0.0,0.0,0.0,6.0,8.0,8.0
65,2020-06-08,5.01,10.5,8.082154241510844,30,17.0,30.0,30.0,2.0,0.0,0.0,0.0,0.0,0.33,0.0,0.0,0.33,0.33,2.0,1.0,9.0,0.0,0.07,0.33,0.1,0.18,0.32,1.0,0.0,0.0,0.0,2.0,32.0,32.0
66,2020-06-09,4.96,10.5,7.491223447461437,6,9.0,6.0,6.0,2.0,0.0,2.0,0.0,0.0,0.29,0.14,0.0,0.0,0.57,0.0,0.0,2.0,0.0,0.0,0.23,0.15,0.15,0.46,0.0,0.0,0.0,0.0,2.0,8.0,8.0
67,2020-06-10,5.07,10.0,7.060292653412019,6,16.0,6.0,6.0,9.0,2.0,3.0,0.0,0.0,0.03,0.56,0.03,0.16,0.22,0.0,0.0,3.0,0.0,0.0,0.24,0.12,0.29,0.35,0.0,0.0,0.0,0.0,9.0,15.0,15.0
68,2020-06-11,4.37,10.25,5.819361859362612,12,8.0,12.0,12.0,7.833333333333332,1.6666666666666667,2.5,0.0,0.0,0.07333333333333332,0.5616666666666668,0.025,0.13333333333333333,0.20666666666666667,0.0,0.0,1.0,0.0,0.05,0.25,0.15,0.3,0.25,0.0,0.0,0.0,0.0,7.833333333333332,19.833333333333332,19.833333333333332
69,2020-06-12,4.72,11.25,5.628431065313195,23,8.0,23.0,23.0,6.666666666666666,1.3333333333333337,2.0,0.0,0.0,0.11666666666666667,0.5633333333333334,0.02,0.10666666666666666,0.19333333333333333,5.0,0.0,6.0,0.0,0.14,0.36,0.04,0.24,0.23,0.0,0.0,0.0,0.0,6.666666666666666,29.666666666666664,29.666666666666664
70,2020-06-15,4.69,9.0,5.05750027126378,35,8.333333333333334,35.0,35.0,5.5,1.0,1.5,0.0,0.0,0.16,0.565,0.015,0.08,0.18,7.333333333333334,0.0,10.0,0.0,0.1366666666666667,0.36,0.04666666666666667,0.22666666666666666,0.23666666666666664,0.0,0.0,0.0,0.0,5.5,40.5,40.5
71,2020-06-16,4.64,9.5,4.46656947721437,47,8.666666666666666,47.0,47.0,4.333333333333333,0.6666666666666667,1.0,0.0,0.0,0.20333333333333334,0.5666666666666667,0.009999999999999998,0.05333333333333333,0.16666666666666669,9.666666666666668,0.0,14.0,0.0,0.13333333333333333,0.36,0.05333333333333333,0.21333333333333326,0.2433333333333333,0.0,0.0,0.0,0.0,4.333333333333333,51.333333333333336,51.333333333333336
72,2020-06-17,4.76,9.5,4.045638683164953,60,9.0,60.0,60.0,3.166666666666666,0.3333333333333335,0.5,0.0,0.0,0.2466666666666667,0.5683333333333334,0.0049999999999999975,0.026666666666666672,0.15333333333333335,12.0,0.0,18.0,0.0,0.13,0.36,0.06,0.2,0.25,0.0,0.0,0.0,0.0,3.166666666666666,63.166666666666664,63.166666666666664
73,2020-06-18,4.95,12.75,3.6947078891155374,45,5.0,45.0,45.0,2.0,0.0,0.0,0.0,0.0,0.29,0.57,0.0,0.0,0.14,8.0,1.0,14.0,0.0,0.17,0.37,0.06,0.21,0.18,1.0,0.0,0.0,0.0,2.0,47.0,47.0
74,2020-06-19,4.88,12.75,3.0837770950661296,31,1.0,31.0,31.0,1.75,0.0,0.0,0.0,0.0,0.2175,0.615,0.0,0.0625,0.105,5.0,1.0,11.0,0.0,0.11,0.36,0.03,0.24,0.26,1.0,0.0,0.0,0.0,1.75,32.75,32.75
75,2020-06-22,4.87,9.0,2.532846301016714,21,1.0,21.0,21.0,1.5,0.0,0.0,0.0,0.0,0.145,0.6599999999999999,0.0,0.125,0.07,4.0,0.0,3.0,0.0,0.2,0.43,0.04,0.14,0.2,0.0,0.0,0.0,0.0,1.5,22.5,22.5
76,2020-06-23,4.83,9.0,1.951915506967298,27,1.0,27.0,27.0,1.25,0.0,0.0,0.0,0.0,0.07250000000000001,0.705,0.0,0.1875,0.035,5.285714285714286,0.0,4.285714285714286,0.0,0.20142857142857146,0.4271428571428572,0.04428571428571429,0.13714285714285715,0.1985714285714286,0.0,0.0,0.0,0.0,1.25,28.25,28.25
77,2020-06-24,4.41,8.75,0.9909847129178893,33,1.0,33.0,33.0,1.0,0.0,0.0,0.0,0.0,0.0,0.75,0.0,0.25,0.0,6.571428571428571,0.0,5.571428571428571,0.0,0.20285714285714287,0.4242857142857143,0.04857142857142857,0.13428571428571429,0.19714285714285715,0.0,0.0,0.0,0.0,1.0,34.0,34.0
78,2020-06-25,4.46,8.0,0.5000539188684732,40,1.0,40.0,40.0,1.0,0.0,0.0,0.0,0.0,0.015555555555555557,0.73,0.015555555555555557,0.2377777777777777,0.0,7.857142857142858,0.0,6.857142857142858,0.0,0.2042857142857143,0.4214285714285714,0.05285714285714286,0.13142857142857142,0.19571428571428573,0.0,0.0,0.0,0.0,1.0,41.0,41.0
79,2020-06-26,4.35,8.75,-0.1508768751809359,46,1.0,46.0,46.0,1.0,0.0,0.0,0.0,0.0,0.031111111111111117,0.71,0.031111111111111117,0.2255555555555556,0.0,9.142857142857142,0.0,8.142857142857142,0.0,0.2057142857142857,0.4185714285714285,0.05714285714285715,0.1285714285714286,0.19428571428571428,0.0,0.0,0.0,0.0,1.0,47.0,47.0
80,2020-06-29,4.38,7.75,-0.6618076692303516,53,1.0,53.0,53.0,1.0,0.0,0.0,0.0,0.0,0.04666666666666667,0.69,0.04666666666666667,0.21333333333333326,0.0,10.428571428571429,0.0,9.428571428571429,0.0,0.2071428571428572,0.4157142857142857,0.06142857142857144,0.12571428571428572,0.19285714285714287,0.0,0.0,0.0,0.0,1.0,54.0,54.0
81,2020-06-30,4.34,7.5,-1.2427384632797676,59,1.0,59.0,59.0,1.0,0.0,0.0,0.0,0.0,0.06222222222222223,0.6699999999999999,0.06222222222222223,0.2011111111111112,0.0,11.714285714285715,0.0,10.714285714285717,0.0,0.20857142857142852,0.4128571428571428,0.06571428571428573,0.12285714285714285,0.19142857142857145,0.0,0.0,0.0,0.0,1.0,60.0,60.0
82,2020-07-01,4.44,7.5,-1.6836692573291758,66,1.0,66.0,66.0,1.0,0.0,0.0,0.0,0.0,0.07777777777777778,0.65,0.07777777777777778,0.18888888888888888,0.0,13.0,0.0,12.0,0.0,0.21,0.41,0.07,0.12,0.19,0.0,0.0,0.0,0.0,1.0,67.0,67.0
83,2020-07-02,4.29,8.25,-2.374600051378592,60,1.5555555555555556,60.0,60.0,1.0,0.0,0.0,0.0,0.0,0.09333333333333334,0.63,0.09333333333333334,0.17666666666666667,0.0,11.555555555555555,0.0,10.888888888888893,0.0,0.20333333333333334,0.3733333333333333,0.0788888888888889,0.1322222222222222,0.2111111111111111,0.0,0.0,0.0,0.0,1.0,61.0,61.0
84,2020-07-06,4.24,7.25,-2.9655308454280007,54,2.1111111111111107,54.0,54.0,1.0,0.0,0.0,0.0,0.0,0.1088888888888889,0.61,0.1088888888888889,0.16444444444444445,0.0,10.111111111111107,0.0,9.777777777777779,0.0,0.19666666666666666,0.3366666666666667,0.08777777777777779,0.14444444444444446,0.23222222222222225,0.0,0.0,0.0,0.0,1.0,55.0,55.0
85,2020-07-07,4.09,7.75,-3.656461639477417,49,2.666666666666667,49.0,49.0,1.0,0.0,0.0,0.0,0.0,0.12444444444444445,0.59,0.12444444444444445,0.15222222222222226,0.0,8.666666666666668,0.0,8.666666666666666,0.0,0.19,0.3,0.09666666666666666,0.15666666666666668,0.2533333333333333,0.0,0.0,0.0,0.0,1.0,50.0,50.0
86,2020-07-08,4.26,8.0,-4.027392433526833,43,3.2222222222222223,43.0,43.0,1.0,0.0,0.0,0.0,0.0,0.14,0.57,0.14,0.14,0.0,7.222222222222222,0.0,7.555555555555554,0.0,0.18333333333333326,0.2633333333333333,0.10555555555555557,0.1688888888888889,0.27444444444444444,0.0,0.0,0.0,0.0,1.0,44.0,44.0
87,2020-07-09,4.21,8.0,-4.6183232275762425,38,3.7777777777777777,38.0,38.0,1.0,0.0,0.0,0.0,0.0,0.12,0.6314285714285713,0.12,0.12,0.0,5.777777777777778,0.0,6.4444444444444455,0.0,0.17666666666666667,0.2266666666666667,0.11444444444444445,0.1811111111111111,0.2955555555555556,0.0,0.0,0.0,0.0,1.0,39.0,39.0
88,2020-07-10,4.34,9.0,-5.0292540216256585,32,4.333333333333334,32.0,32.0,1.0,0.0,0.0,0.0,0.0,0.1,0.6928571428571428,0.1,0.1,0.0,4.333333333333334,0.0,5.333333333333333,0.0,0.16999999999999998,0.19,0.12333333333333332,0.19333333333333336,0.31666666666666665,0.0,0.0,0.0,0.0,1.0,33.0,33.0
89,2020-07-13,4.26,8.0,-5.650184815675074,27,4.888888888888889,27.0,27.0,1.0,0.0,0.0,0.0,0.0,0.08000000000000003,0.7542857142857142,0.08000000000000003,0.08000000000000003,0.0,2.8888888888888893,0.0,4.2222222222222205,0.0,0.16333333333333333,0.15333333333333338,0.1322222222222222,0.2055555555555556,0.3377777777777778,0.0,0.0,0.0,0.0,1.0,28.0,28.0
90,2020-07-14,4.08,7.75,-6.371115609724482,21,5.4444444444444455,21.0,21.0,1.0,0.0,0.0,0.0,0.0,0.06000000000000001,0.8157142857142857,0.06000000000000001,0.06000000000000001,0.0,1.4444444444444446,0.0,3.1111111111111107,0.0,0.15666666666666668,0.1166666666666667,0.1411111111111111,0.2177777777777778,0.3588888888888889,0.0,0.0,0.0,0.0,1.0,22.0,22.0
91,2020-07-15,4.19,7.5,-6.802046403773898,16,6.0,16.0,16.0,1.0,0.0,0.0,0.0,0.0,0.04000000000000002,0.8771428571428571,0.04000000000000002,0.04000000000000002,0.0,0.0,0.0,2.0,0.0,0.15,0.08,0.15,0.23,0.38,0.0,0.0,0.0,0.0,1.0,17.0,17.0
92,2020-07-16,4.17,7.75,-7.362977197823312,18,4.75,18.0,18.0,1.0,0.0,0.0,0.0,0.0,0.02000000000000001,0.9385714285714286,0.02000000000000001,0.02000000000000001,0.0,0.25,0.0,1.75,0.0,0.14,0.1325,0.1275,0.2375,0.3575,0.0,0.0,0.0,0.0,1.0,19.0,19.0
93,2020-07-17,3.96,9.0,-8.113907991872724,21,3.5,21.0,21.0,1.0,0.0,0.0,0.0,0.0,0.0,1.0,0.0,0.0,0.0,0.5,0.0,1.5,0.0,0.13,0.185,0.105,0.245,0.335,0.0,0.0,0.0,0.0,1.0,22.0,22.0
94,2020-07-20,3.85,7.25,-8.764838785922139,24,2.25,24.0,24.0,1.0,0.0,0.0,0.0,0.0,0.0,0.4,0.0,0.6,0.0,0.75,0.0,1.25,0.0,0.12,0.2375,0.08249999999999999,0.2525,0.3125,0.0,0.0,0.0,0.0,1.0,25.0,25.0
95,2020-07-21,4.01,7.25,-9.145769579971548,27,1.0,27.0,27.0,1.0,0.0,0.0,0.0,0.0,0.0,0.2666666666666667,0.0,0.4,0.0,1.0,0.0,1.0,0.0,0.11,0.29,0.06,0.26,0.29,0.0,0.0,0.0,0.0,1.0,28.0,28.0
96,2020-07-22,4.11,8.0,-9.586700374020962,30,1.2857142857142856,30.0,30.0,1.0,0.0,0.0,0.0,0.0,0.0,0.13333333333333336,0.0,0.2,0.0,1.8571428571428568,0.2857142857142857,1.1428571428571428,0.0,0.12857142857142856,0.28,0.06,0.26142857142857145,0.2785714285714286,0.2857142857142857,0.0,0.0,0.0,1.0,31.0,31.0
97,2020-07-23,4.11,8.25,-10.12763116807038,33,1.5714285714285714,33.0,33.0,1.0,0.0,0.0,0.0,0.0,0.0,0.0,0.0,0.0,0.0,2.7142857142857144,0.5714285714285714,1.2857142857142856,0.0,0.14714285714285713,0.27,0.06,0.26285714285714284,0.2671428571428571,0.5714285714285714,0.0,0.0,0.0,1.0,34.0,34.0
98,2020-07-24,4.03,7.0,-10.748561962119787,36,1.8571428571428568,36.0,36.0,1.0,0.0,0.0,0.0,0.0,0.0,0.0,0.0,0.0,0.5,3.571428571428571,0.8571428571428571,1.4285714285714286,0.0,0.1657142857142857,0.26,0.06,0.2642857142857143,0.2557142857142857,0.8571428571428571,0.0,0.0,0.0,1.0,37.0,37.0
99,2020-07-27,4.01,7.0,-11.309492756169204,39,2.142857142857143,39.0,39.0,1.0,0.0,0.0,0.0,0.0,0.0,0.0,0.0,0.0,1.0,4.428571428571429,1.1428571428571428,1.5714285714285714,0.0,0.18428571428571427,0.25,0.06,0.2657142857142857,0.2442857142857143,1.1428571428571428,0.0,0.0,0.0,1.0,40.0,40.0
100,2020-07-28,3.94,7.0,-11.920423550218613,42,2.4285714285714284,42.0,42.0,1.1666666666666667,0.16666666666666666,0.0,0.0,0.0,0.0,0.0,0.0,0.16666666666666666,0.8333333333333334,5.285714285714286,1.4285714285714284,1.7142857142857142,0.0,0.20285714285714285,0.24,0.06,0.2671428571428572,0.23285714285714285,1.4285714285714284,0.0,0.0,0.0,1.1666666666666667,43.166666666666664,43.166666666666664
101,2020-07-29,4.06,7.5,-12.341354344268026,45,2.7142857142857144,45.0,45.0,1.3333333333333333,0.3333333333333333,0.0,0.0,0.0,0.0,0.0,0.0,0.3333333333333333,0.6666666666666667,6.142857142857142,1.7142857142857142,1.8571428571428568,0.0,0.22142857142857145,0.23,0.06,0.26857142857142857,0.22142857142857145,1.7142857142857142,0.0,0.0,0.0,1.3333333333333333,46.333333333333336,46.333333333333336
102,2020-07-30,4.1,7.25,-12.842285138317445,49,3.0,49.0,49.0,1.5,0.5,0.0,0.0,0.0,0.0,0.0,0.0,0.5,0.5,7.0,2.0,2.0,0.0,0.24,0.22,0.06,0.27,0.21,2.0,0.0,0.0,0.0,1.5,50.5,50.5
103,2020-07-31,4.01,8.25,-13.473215932366855,34,4.333333333333333,34.0,34.0,1.6666666666666663,0.6666666666666666,0.0,0.0,0.0,0.0,0.0,0.0,0.6666666666666666,0.33333333333333337,6.333333333333332,1.3333333333333337,3.333333333333333,0.0,0.2533333333333333,0.24,0.06,0.2433333333333333,0.20333333333333334,1.3333333333333337,0.0,0.0,0.0,1.6666666666666663,35.666666666666664,35.666666666666664
104,2020-08-03,4.15,7.5,-13.874146726416269,19,5.666666666666666,19.0,19.0,1.8333333333333333,0.8333333333333333,0.0,0.0,0.0,0.0,0.0,0.0,0.8333333333333333,0.16666666666666674,5.666666666666668,0.6666666666666667,4.666666666666666,0.0,0.26666666666666666,0.26,0.06,0.21666666666666667,0.19666666666666666,0.6666666666666667,0.0,0.0,0.0,1.8333333333333333,20.833333333333332,20.833333333333332
105,2020-08-04,4.43,7.5,-14.135077520465686,4,7.0,4.0,4.0,2.0,1.0,0.0,0.0,0.0,0.0,0.0,0.0,1.0,0.0,5.0,0.0,6.0,0.0,0.28,0.28,0.06,0.19,0.19,0.0,0.0,0.0,0.0,2.0,6.0,6.0
106,2020-08-05,4.63,6.25,-14.476008314515095,49,2.0,49.0,49.0,1.75,1.0,0.0,0.0,0.0,0.0,0.0,0.0,0.75,0.0,4.0,0.0,9.0,0.0,0.1,0.5,0.09,0.19,0.13,0.0,0.0,0.0,0.0,1.75,50.75,50.75
107,2020-08-06,4.43,7.25,-15.21693910856451,39,2.0,39.0,39.0,1.5,1.0,0.0,0.0,0.0,0.0,0.0,0.0,0.5,0.0,3.2,0.0,7.2,0.0,0.08,0.5,0.07200000000000001,0.252,0.10400000000000001,0.0,0.0,0.0,0.0,1.5,40.5,40.5
108,2020-08-07,4.16,7.75,-16.027869902613926,30,2.0,30.0,30.0,1.25,1.0,0.0,0.0,0.0,0.0,0.0,0.0,0.25,0.0,2.4,0.0,5.4,0.0,0.06000000000000001,0.5,0.054000000000000006,0.314,0.078,0.0,0.0,0.0,0.0,1.25,31.25,31.25
109,2020-08-10,4.33,7.25,-16.398800696663336,20,2.0,20.0,20.0,1.0,1.0,0.0,0.0,0.0,0.0,0.0,0.0,0.0,0.0,1.5999999999999996,0.0,3.6,0.0,0.04000000000000002,0.5,0.036000000000000004,0.376,0.05199999999999999,0.0,0.0,0.0,0.0,1.0,21.0,21.0
110,2020-08-11,4.35,6.25,-16.91973149071275,11,2.0,11.0,11.0,1.2222222222222223,1.1111111111111112,0.0,0.0,0.0,0.013333333333333329,0.042222222222222223,0.013333333333333329,0.042222222222222223,0.0,0.7999999999999998,0.0,1.7999999999999998,0.0,0.020000000000000004,0.5,0.018000000000000002,0.438,0.025999999999999995,0.0,0.0,0.0,0.0,1.2222222222222223,12.222222222222221,12.222222222222221
111,2020-08-12,4.52,6.5,-17.29066228476216,2,2.0,2.0,2.0,1.4444444444444444,1.2222222222222223,0.0,0.0,0.0,0.026666666666666658,0.08444444444444445,0.026666666666666658,0.08444444444444445,0.0,0.0,0.0,0.0,0.0,0.0,0.5,0.0,0.5,0.0,0.0,0.0,0.0,0.0,1.4444444444444444,3.4444444444444446,3.4444444444444446
112,2020-08-13,4.64,6.0,-17.711593078811575,8,2.0,8.0,8.0,1.6666666666666663,1.3333333333333333,0.0,0.0,0.0,0.04,0.12666666666666668,0.04,0.12666666666666668,0.0,2.4,0.0,2.2,0.0,0.028000000000000004,0.472,0.01,0.44,0.05,0.0,0.0,0.0,0.0,1.6666666666666663,9.666666666666666,9.666666666666666
113,2020-08-14,4.75,7.0,-18.142523872860988,14,2.0,14.0,14.0,1.8888888888888888,1.4444444444444444,0.0,0.0,0.0,0.05333333333333333,0.1688888888888889,0.05333333333333333,0.1688888888888889,0.0,4.8,0.0,4.4,0.0,0.05600000000000002,0.444,0.02,0.38,0.1,0.0,0.0,0.0,0.0,1.8888888888888888,15.88888888888889,15.88888888888889
114,2020-08-17,4.63,6.5,-18.803454666910397,20,2.0,20.0,20.0,2.1111111111111107,1.5555555555555556,0.0,0.0,0.0,0.06666666666666668,0.2111111111111111,0.06666666666666668,0.2111111111111111,0.0,7.1999999999999975,0.0,6.6000000000000005,0.0,0.08400000000000002,0.416,0.03,0.32,0.15000000000000002,0.0,0.0,0.0,0.0,2.1111111111111107,22.11111111111111,22.11111111111111
115,2020-08-18,4.81,6.25,-19.164385460959817,26,2.0,26.0,26.0,2.333333333333333,1.6666666666666663,0.0,0.0,0.0,0.07999999999999999,0.2533333333333333,0.07999999999999999,0.2533333333333333,0.0,9.6,0.0,8.8,0.0,0.11200000000000004,0.388,0.04,0.26,0.2,0.0,0.0,0.0,0.0,2.333333333333333,28.333333333333332,28.333333333333332
116,2020-08-19,4.72,6.0,-19.795316255009226,33,2.0,33.0,33.0,2.5555555555555562,1.7777777777777777,0.0,0.0,0.0,0.09333333333333332,0.2955555555555556,0.09333333333333332,0.2955555555555556,0.0,12.0,0.0,11.0,0.0,0.14,0.36,0.05,0.2,0.25,0.0,0.0,0.0,0.0,2.5555555555555562,35.55555555555556,35.55555555555556
117,2020-08-20,4.61,6.75,-20.44624704905864,29,3.0,29.0,29.0,2.7777777777777777,1.8888888888888888,0.0,0.0,0.0,0.10666666666666666,0.3377777777777778,0.10666666666666666,0.3377777777777778,0.0,7.5,0.0,6.0,0.0,0.125,0.365,0.06000000000000001,0.23,0.22,0.0,0.0,0.0,0.0,2.7777777777777777,31.77777777777778,31.77777777777778
118,2020-08-21,5.03,7.25,-20.567177843108045,25,4.0,25.0,25.0,3.0,2.0,0.0,0.0,0.0,0.12,0.38,0.12,0.38,0.0,3.0,0.0,1.0,0.0,0.11,0.37,0.07,0.26,0.19,0.0,0.0,0.0,0.0,3.0,28.0,28.0
119,2020-08-24,4.87,6.25,-21.268108637157468,2,1.0,2.0,2.0,2.5,1.5,0.0,0.0,0.0,0.09,0.535,0.09,0.28500000000000003,0.0,0.0,0.0,0.0,0.0,0.0,0.38,0.12,0.38,0.12,0.0,0.0,0.0,0.0,2.5,4.5,4.5
120,2020-08-25,4.98,6.75,-21.699039431206884,2,1.5,2.0,2.0,2.0,1.0,0.0,0.0,0.0,0.06,0.69,0.06,0.19,0.0,0.0,0.0,0.0,0.0,0.0,0.38,0.12,0.38,0.12,0.0,0.0,0.0,0.0,2.0,4.0,4.0
121,2020-08-26,5.11,6.75,-22.10997022525629,3,2.0,3.0,3.0,1.5,0.5,0.0,0.0,0.0,0.03,0.845,0.03,0.09499999999999996,0.0,0.0,0.0,0.0,0.0,0.0,0.38,0.12,0.38,0.12,0.0,0.0,0.0,0.0,1.5,4.5,4.5
122,2020-08-27,5.25,6.75,-22.510901019305702,3,2.5,3.0,3.0,1.0,0.0,0.0,0.0,0.0,0.0,1.0,0.0,0.0,0.0,0.0,0.0,0.0,0.0,0.0,0.38,0.12,0.38,0.12,0.0,0.0,0.0,0.0,1.0,4.0,4.0
123,2020-08-28,5.39,7.75,-22.91183181335512,4,3.0,4.0,4.0,1.0,0.0,0.0,0.0,0.0,0.0,1.0,0.0,0.0,0.0,0.0,0.0,0.0,0.0,0.0,0.38,0.12,0.38,0.12,0.0,0.0,0.0,0.0,1.0,5.0,5.0
124,2020-08-31,6.68,8.25,-22.16276260740453,181,7.0,181.0,181.0,5.0,2.0,1.0,0.0,0.0,0.12,0.69,0.0,0.06,0.12,50.0,3.0,54.0,0.0,0.19,0.31,0.1,0.23,0.17,3.0,0.0,0.0,0.0,5.0,186.0,186.0
125,2020-09-01,7.65,8.25,-21.733693401453948,142,9.0,142.0,142.0,10.0,3.0,2.0,0.0,0.0,0.1,0.61,0.03,0.1,0.16,40.0,5.0,53.0,0.0,0.15,0.39,0.1,0.14,0.21,5.0,0.0,0.0,0.0,10.0,152.0,152.0
126,2020-09-02,7.71,8.25,-22.214624195503355,319,9.0,319.0,319.0,6.0,2.0,1.0,0.0,0.0,0.05,0.5549999999999999,0.265,0.05,0.08,46.0,1.0,58.0,0.0,0.18,0.39,0.05,0.19,0.19,1.0,0.0,0.0,0.0,6.0,325.0,325.0
127,2020-09-03,7.82,9.0,-22.64555498955277,54,6.0,54.0,54.0,2.0,1.0,0.0,0.0,0.0,0.0,0.5,0.5,0.0,0.0,6.0,2.0,12.0,0.0,0.15,0.37,0.13,0.21,0.15,2.0,0.0,0.0,0.0,2.0,56.0,56.0
128,2020-09-04,7.65,9.75,-23.35648578360219,21,6.0,21.0,21.0,1.0,0.0,1.0,0.0,0.0,0.25,0.62,0.0,0.12,0.0,2.0,0.0,5.0,0.0,0.11,0.35,0.17,0.28,0.08,0.0,0.0,0.0,0.0,1.0,22.0,22.0
129,2020-09-08,7.7,6.5,-23.847416577651604,32,7.0,32.0,32.0,3.0,3.0,0.0,0.0,0.0,0.25,0.0,0.25,0.5,0.0,8.0,0.0,9.0,0.0,0.08,0.4,0.07,0.25,0.19,0.0,0.0,0.0,0.0,3.0,35.0,35.0
130,2020-09-09,7.35,6.75,-24.738347371701018,295,9.0,295.0,295.0,7.0,2.0,0.0,0.0,0.0,0.18,0.35,0.24,0.06,0.18,58.0,6.0,86.0,0.0,0.14,0.34,0.09,0.23,0.21,6.0,0.0,0.0,0.0,7.0,302.0,302.0
131,2020-09-10,6.23,6.0,-26.39927816575043,81,6.0,81.0,81.0,9.0,1.0,7.0,0.0,0.0,0.05,0.59,0.23,0.09,0.05,14.0,0.0,20.0,0.0,0.12,0.48,0.06,0.17,0.16,0.0,0.0,0.0,0.0,9.0,90.0,90.0
132,2020-09-11,6.09,6.5,-27.080208959799837,259,4.0,259.0,259.0,7.0,2.0,4.0,0.0,0.0,0.08499999999999999,0.5449999999999999,0.115,0.16999999999999998,0.08499999999999999,49.5,2.0,54.5,0.0,0.14500000000000002,0.43,0.08,0.17,0.165,2.0,0.0,0.0,0.0,7.0,266.0,266.0
133,2020-09-14,6.91,6.0,-26.80113975384925,438,2.0,438.0,438.0,5.0,3.0,1.0,0.0,0.0,0.12,0.5,0.0,0.25,0.12,85.0,4.0,89.0,0.0,0.17,0.38,0.1,0.17,0.17,4.0,0.0,0.0,0.0,5.0,443.0,443.0
134,2020-09-15,7.09,6.25,-27.16207054789868,37,4.0,37.0,37.0,4.0,2.0,1.5,0.0,0.0,0.06,0.5,0.06,0.185,0.185,4.0,0.0,11.0,0.0,0.14,0.38,0.05,0.31,0.11,0.0,0.0,0.0,0.0,4.0,41.0,41.0
135,2020-09-16,8.68,11.25,-26.113001341948085,461,10.0,461.0,461.0,3.0,1.0,2.0,0.0,0.0,0.0,0.5,0.12,0.12,0.25,67.0,10.0,104.0,0.0,0.16,0.39,0.06,0.2,0.19,10.0,0.0,0.0,0.0,3.0,464.0,464.0
136,2020-09-17,9.2,26.0,-26.133932135997487,2304,16.0,2304.0,2304.0,6.0,1.0,0.0,0.0,0.0,0.0,0.28,0.28,0.28,0.16,396.0,18.0,659.0,1.0,0.16,0.39,0.07,0.19,0.19,18.0,0.0,0.0,0.0,6.0,2310.0,2310.0
137,2020-09-18,9.47,12.5,-26.40486293004691,136,20.0,136.0,136.0,2.0,0.0,1.0,0.0,0.0,0.0,0.4,0.2,0.2,0.2,27.0,2.0,39.0,0.0,0.12,0.39,0.15,0.15,0.18,2.0,0.0,0.0,0.0,2.0,138.0,138.0
138,2020-09-21,8.75,8.0,-27.66579372409632,1,2.0,1.0,1.0,28.0,5.0,4.0,0.0,0.0,0.21,0.48,0.04,0.07,0.2,1.0,0.0,0.0,0.0,0.5,0.0,0.0,0.5,0.0,0.0,0.0,0.0,0.0,28.0,29.0,29.0
139,2020-09-22,10.56,16.75,-26.396724518145728,427,12.0,427.0,427.0,211.0,43.0,53.0,0.0,0.0,0.14,0.44,0.04,0.16,0.21,130.0,5.0,255.0,1.0,0.15,0.38,0.07,0.22,0.18,5.0,0.0,0.0,0.0,211.0,638.0,638.0
140,2020-09-23,10.04,7.5,-27.457655312195147,145,10.0,145.0,145.0,119.0,10.0,18.0,2.0,0.0,0.12,0.36,0.08,0.28,0.16,19.0,2.0,48.0,0.0,0.13,0.42,0.1,0.19,0.15,2.0,0.01680672268907563,0.01680672268907563,0.0,119.0,264.0,264.0
141,2020-09-24,9.14,9.0,-28.898586106244565,150,3.0,150.0,150.0,65.0,18.0,17.0,0.0,0.0,0.19,0.38,0.07,0.18,0.18,37.0,3.0,50.0,0.0,0.14,0.37,0.13,0.16,0.19,3.0,0.0,0.0,0.0,65.0,215.0,215.0
142,2020-09-25,10.02,26.5,-28.55951690029397,379,15.0,379.0,379.0,337.0,53.0,57.0,0.0,0.0,0.15,0.43,0.03,0.17,0.22,85.0,9.0,146.0,1.0,0.14,0.39,0.11,0.19,0.18,9.0,0.0,0.0,0.0,337.0,716.0,716.0
143,2020-09-28,10.09,6.0,-29.03044769434339,84,4.0,84.0,84.0,41.0,7.0,5.0,0.0,0.0,0.09,0.36,0.18,0.21,0.15,19.0,1.0,21.0,0.0,0.12,0.39,0.04,0.23,0.22,1.0,0.0,0.0,0.0,41.0,125.0,125.0
144,2020-09-29,10.35,5.75,-29.3113784883928,212,4.0,212.0,212.0,49.0,18.0,9.0,0.0,0.0,0.18,0.3,0.09,0.13,0.31,41.0,3.0,56.0,0.0,0.15,0.42,0.11,0.16,0.17,3.0,0.0,0.0,0.0,49.0,261.0,261.0
145,2020-09-30,10.2,5.0,-30.002309282442216,361,2.0,211.11802415435352,361.0,33.0,5.0,12.0,0.0,0.0,0.24,0.3,0.09,0.21,0.16,97.0,8.0,137.0,0.0,0.14,0.37,0.07,0.2,0.22,8.0,0.0,0.0,0.0,33.0,394.0,394.0
146,2020-10-01,9.77,5.5,-30.973240076491628,46,2.0,184.31193889105805,107.77120071393296,33.0,10.0,16.0,0.0,0.0,0.08,0.27,0.15,0.18,0.32,7.0,0.0,19.0,0.0,0.1,0.51,0.06,0.19,0.14,5.833954434175805,0.0,0.0,0.0,99.49113653340802,79.0,362.8013664875922
147,2020-10-02,9.39,6.25,-31.89417087054103,185,3.0,97.85580741522828,310.34790979162636,31.0,4.0,7.0,0.0,0.0,0.15,0.33,0.11,0.18,0.23,19.0,2.0,50.0,1.0,0.16,0.42,0.11,0.17,0.14,3.229143183868775,0.0,0.0,0.0,81.43903106790415,216.0,367.3691685008855
148,2020-10-05,9.46,5.25,-32.36510166459045,79,3.0,255.94301842202026,185.65902128435505,8.0,0.0,0.0,0.0,0.0,0.0,0.29,0.43,0.14,0.14,20.0,0.0,28.0,0.0,0.11,0.45,0.14,0.14,0.16,1.5116986468011753,0.0,0.0,0.0,68.05014652130072,87.0,249.57021015479864
149,2020-10-06,9.13,6.0,-33.23603245863986,94,3.0,31.04138735952177,73.18877561583191,38.0,3.0,12.0,0.0,0.0,0.19,0.34,0.12,0.18,0.16,12.0,8.0,26.0,0.0,0.12,0.41,0.1,0.18,0.2,7.384668246142637,0.0,0.0,0.0,56.0590147719909,132.0,351.0809577075355
150,2020-10-07,9.36,5.75,-33.54696325268928,218,4.0,206.6318961962213,185.87893488659716,27.0,9.0,7.0,0.0,0.0,0.16,0.29,0.08,0.19,0.27,19.0,1.0,56.0,1.0,0.11,0.32,0.08,0.27,0.21,0.0,0.0,0.0,0.0,38.0795291759826,245.0,126.26357603305834
151,2020-10-08,13.49,6.5,-29.95789404673869,2886,38.0,192.7567230661801,128.38627592717503,48.0,10.0,12.0,0.0,0.0,0.1,0.43,0.03,0.24,0.2,404.0,35.0,595.0,1.0,0.16,0.36,0.09,0.2,0.2,6.264952999101832,0.0,0.0,0.0,38.04859310685096,2934.0,385.0391996411335
152,2020-10-09,12.02,8.0,-31.96882484078812,2459,81.0,507.6343897482989,180.1505455145322,113.0,28.0,24.0,0.0,1.0,0.1,0.45,0.07,0.21,0.17,369.0,17.0,487.0,1.0,0.15,0.38,0.09,0.21,0.18,1.8224102831666984,0.0,0.0,0.0,34.119257512869694,2572.0,194.59332920153548
153,2020-10-12,11.8,6.25,-32.72975563483752,1644,18.0,1030.2676326030903,507.6343897482989,39.0,5.0,13.0,0.0,0.0,0.16,0.39,0.05,0.26,0.13,205.0,12.0,287.0,1.0,0.13,0.37,0.06,0.22,0.21,8.207047571697814,0.0,0.0,0.0,38.8753791449237,1683.0,584.8905917588063
154,2020-10-13,11.88,6.25,-33.19068642888693,1420,18.0,1273.1016593854624,744.4318023883154,46.0,12.0,10.0,0.0,0.0,0.14,0.4,0.03,0.22,0.22,151.0,18.0,295.0,1.0,0.15,0.36,0.11,0.19,0.19,13.562557371990973,0.0,0.0,0.0,25.357702766494555,1466.0,1521.512702898491
155,2020-10-14,12.25,6.25,-33.361617222936346,778,24.0,1266.180301993132,1135.4007293713921,44.0,14.0,13.0,0.0,0.0,0.17,0.42,0.04,0.2,0.17,111.0,9.0,260.0,0.0,0.13,0.4,0.1,0.18,0.19,12.662855576293122,0.0,0.0,0.0,108.49152697814115,822.0,2159.6389709387126
156,2020-10-15,13.83,6.0,-32.322548016985756,1956,39.0,843.6588714491379,1229.7824124730714,57.0,19.0,17.0,0.0,0.0,0.2,0.38,0.04,0.17,0.2,239.0,24.0,450.0,0.0,0.15,0.37,0.09,0.2,0.19,14.71046023586937,0.0,0.0,0.0,133.7348462491781,2013.0,1292.7963964765477
157,2020-10-16,13.31,6.5,-33.38347881103517,540,42.0,1727.5081024002031,991.0277000133526,55.0,15.0,17.0,0.0,0.0,0.14,0.39,0.07,0.16,0.23,70.0,4.0,130.0,0.0,0.12,0.4,0.07,0.24,0.17,12.717665464560888,0.0,0.0,0.0,44.40298278223782,595.0,879.1994394263949
158,2020-10-19,13.91,5.75,-33.32440960508457,417,12.0,799.5169498712618,1419.136018817339,40.0,7.0,9.0,0.0,0.0,0.19,0.28,0.13,0.23,0.17,128.0,11.0,176.0,0.0,0.13,0.37,0.06,0.23,0.21,14.746477134225245,0.0,0.0,0.0,13.014047385062185,457.0,1774.8331105550094
159,2020-10-20,13.86,5.0,-33.915340399134,308,10.0,869.2147727133528,895.9281370568589,40.0,7.0,17.0,0.0,0.0,0.14,0.38,0.09,0.2,0.19,54.0,8.0,66.0,0.0,0.14,0.41,0.07,0.19,0.2,12.512935506301071,0.0,0.0,0.0,16.68778619779851,348.0,801.8272560572487
160,2020-10-21,14.1,5.75,-34.21627119318341,329,14.0,551.8314277174411,950.8611402036099,23.0,4.0,7.0,0.0,0.0,0.2,0.3,0.06,0.21,0.23,67.0,1.0,118.0,0.0,0.14,0.41,0.05,0.21,0.18,12.154823408022196,0.0,0.0,0.0,68.95444677185688,352.0,914.6333776542626
161,2020-10-22,14.91,5.5,-33.94720198723283,1349,21.0,528.0251237947216,657.4754191738264,52.0,14.0,17.0,0.0,0.0,0.13,0.35,0.08,0.19,0.26,211.0,22.0,325.0,1.0,0.14,0.4,0.08,0.19,0.19,11.204271441544833,0.0,0.0,0.0,64.78809325838267,1401.0,619.8072879668734
162,2020-10-23,15.0,5.75,-34.398132781282236,333,17.0,1056.041448411295,617.0206541801667,50.0,15.0,23.0,0.0,0.0,0.25,0.26,0.07,0.19,0.23,59.0,5.0,123.0,0.0,0.13,0.4,0.09,0.21,0.18,7.523765077222287,0.0,0.0,0.0,35.08572080905834,383.0,581.1016820849039
163,2020-10-26,13.45,5.5,-36.48906357533164,901,15.0,569.3619126534693,936.4856969238404,42.0,15.0,5.0,0.0,0.0,0.15,0.38,0.1,0.15,0.22,162.0,14.0,380.0,1.0,0.14,0.42,0.08,0.19,0.17,4.651879670464378,0.0,0.0,0.0,34.183311537012216,943.0,1183.2983478427677
164,2020-10-27,12.69,5.5,-37.78999436938106,1044,33.0,829.2343220566405,663.2325651625333,36.0,9.0,14.0,0.0,0.0,0.26,0.34,0.11,0.12,0.17,168.0,9.0,307.0,0.0,0.15,0.38,0.1,0.2,0.18,9.96400442840008,0.0,0.0,0.0,39.09790718336887,1080.0,633.793652316984
165,2020-10-28,11.82,5.75,-39.200925163430476,719,27.0,906.7331612511116,801.8020658146927,28.0,12.0,14.0,0.0,0.0,0.17,0.33,0.07,0.19,0.24,117.0,8.0,199.0,1.0,0.17,0.39,0.09,0.17,0.18,11.080745534026782,0.0,0.0,0.0,48.537091040457376,747.0,877.7064967014492
166,2020-10-29,11.73,5.75,-39.83185595747989,728,28.0,876.0211056877707,854.3656637818988,23.0,5.0,7.0,0.0,0.0,0.18,0.4,0.02,0.27,0.13,98.0,3.0,175.0,1.0,0.18,0.35,0.08,0.21,0.19,10.684103561750145,0.0,0.0,0.0,41.73194237641887,751.0,949.790668389531
167,2020-10-30,10.47,6.75,-41.63278675152931,854,19.0,732.4415180670022,758.3060368705103,47.0,14.0,17.0,0.0,0.0,0.2,0.41,0.09,0.11,0.18,174.0,13.0,277.0,0.0,0.15,0.36,0.09,0.22,0.19,10.17473139975967,0.0,0.0,0.0,37.5558567456402,901.0,927.9589980568569
168,2020-11-02,10.75,13.0,-41.89371754557871,86,5.0,820.1256253632954,801.5678524963713,19.0,2.0,2.0,0.0,0.0,0.14,0.36,0.0,0.25,0.25,13.0,2.0,10.0,1.0,0.18,0.3,0.08,0.24,0.2,8.7767335692453,0.0,0.0,0.0,33.07496658354983,105.0,769.9146811280823
169,2020-11-03,11.57,12.0,-41.61464833962813,87,7.0,452.3702932625641,807.2400761497812,35.0,6.0,9.0,0.0,0.0,0.17,0.48,0.02,0.17,0.15,5.0,2.0,17.0,0.0,0.09,0.45,0.05,0.21,0.19,9.617810816182057,0.0,0.0,0.0,37.349591873567945,122.0,916.9207778944185
170,2020-11-04,10.91,10.0,-42.815579133677545,54,6.0,409.23331506761076,593.7536273426929,41.0,12.0,13.0,0.0,0.0,0.14,0.48,0.05,0.12,0.21,9.0,0.0,25.0,0.0,0.13,0.38,0.08,0.22,0.19,8.14988525942891,0.0,0.0,0.0,31.7720122327178,95.0,497.80845995790116
171,2020-11-05,11.45,12.0,-42.81650992772696,72,8.0,357.9030775927243,539.28040906961,40.0,11.0,28.0,0.0,0.0,0.11,0.45,0.09,0.2,0.14,11.333333333333336,0.3333333333333333,24.33333333333333,0.0,0.13333333333333333,0.37666666666666665,0.08333333333333333,0.2,0.21,6.799759618971122,0.0,0.0,0.0,32.75887504835931,112.0,457.34112839093746
172,2020-11-06,11.86,15.0,-42.94744072177637,91,10.0,337.1338632529716,484.7958964866256,32.0,11.0,9.0,0.0,0.0,0.19,0.39,0.08,0.1,0.24,13.666666666666668,0.6666666666666666,23.66666666666667,0.0,0.1366666666666667,0.37333333333333335,0.08666666666666667,0.18,0.23,5.07082521820826,0.0,0.0,0.0,35.258483910546694,123.0,406.01515443097026
173,2020-11-09,11.49,21.0,-43.85837151582579,110,12.0,322.0044177500924,450.34078448741735,45.0,6.0,6.0,0.0,0.0,0.27,0.44,0.02,0.12,0.14,16.0,1.0,23.0,0.0,0.14,0.37,0.09,0.16,0.25,2.503854714224196,0.0,0.0,0.0,36.692875868299645,155.0,381.02097117549334
174,2020-11-10,11.1,46.0,-44.78930230987518,138,7.0,310.2005091861858,421.98412717074547,153.0,27.0,32.0,0.0,0.0,0.17,0.44,0.05,0.13,0.22,20.0,2.0,37.0,0.0,0.17,0.37,0.1,0.19,0.17,1.626407840333624,0.0,0.0,0.0,35.27344433857276,291.0,357.6564787108086
175,2020-11-11,11.75,31.0,-44.68023310392461,590,11.0,305.3546196697968,397.4281141962014,68.0,18.0,12.0,0.0,0.0,0.17,0.37,0.02,0.17,0.26,102.0,10.0,172.0,0.0,0.14,0.39,0.09,0.2,0.19,1.284410616365592,0.0,0.0,0.0,38.21363440922812,658.0,347.80217077553243
176,2020-11-12,11.13,86.0,-45.84116389797402,152,11.0,530.1336034363035,378.3427251704161,165.0,23.0,30.0,0.0,0.0,0.14,0.41,0.05,0.2,0.19,17.0,4.0,34.0,0.0,0.11,0.44,0.1,0.14,0.21,1.352323526922233,0.0,0.0,0.0,73.85039402229374,317.0,396.6021046355692
177,2020-11-13,11.01,54.0,-46.50209469202344,305,13.0,302.8931102524696,503.9768073581323,115.0,24.0,32.0,0.0,1.0,0.17,0.36,0.05,0.18,0.24,38.0,4.0,72.0,0.0,0.16,0.4,0.06,0.18,0.2,4.214877612334588,0.0,0.0,0.0,71.68924547070789,420.0,577.3345054758242
178,2020-11-16,12.06,26.0,-45.99302548607285,542,160.0,367.94455612336856,366.9522190313102,29.0,9.0,6.0,0.0,0.0,0.16,0.41,0.15,0.12,0.16,36.0,2.0,50.0,0.0,0.17,0.38,0.09,0.21,0.15,4.1638004954741765,0.0,0.0,0.0,128.64438317074064,571.0,408.09627483594363
179,2020-11-17,11.63,24.0,-46.96395628012226,395,284.0,486.8676069477061,394.6455880776651,44.0,17.0,16.0,0.0,0.0,0.12,0.46,0.08,0.14,0.2,81.0,3.0,86.0,0.0,0.12,0.45,0.05,0.21,0.17,4.12501536612859,0.0,0.0,0.015873015726652284,113.22078539881267,439.0,450.8561633812181
180,2020-11-18,11.57,28.0,-47.56488707417168,204,95.0,414.65774629747233,463.32572564191554,43.0,9.0,33.0,0.0,0.0,0.1,0.49,0.05,0.15,0.21,28.0,5.0,45.0,0.0,0.11,0.4,0.07,0.2,0.23,3.6171778003712025,0.0,0.0,0.015873015610779712,81.60329803359892,247.0,525.1143411656188
181,2020-11-19,12.46,47.0,-47.215817868221094,487,49.0,311.81022204561015,422.99097338200784,76.0,15.0,14.0,0.0,0.0,0.21,0.41,0.1,0.15,0.13,40.0,6.0,114.0,0.0,0.13,0.41,0.11,0.18,0.17,3.468738661830133,0.0,0.0,0.015873015726652284,69.97987526359637,563.0,462.1857956664022
182,2020-11-20,12.71,31.0,-47.506748662270496,816,54.0,448.51280407333206,356.91092208555193,53.0,15.0,21.0,0.0,0.0,0.13,0.45,0.08,0.14,0.2,105.0,5.0,170.0,0.0,0.14,0.36,0.1,0.2,0.2,3.834760427966813,0.0,0.0,0.015873015610779712,61.32438289133095,869.0,361.26155761683106
183,2020-11-23,13.9,27.0,-46.85767945631992,901,7.0,625.1997896066097,432.3433882177487,33.0,13.0,2.0,0.0,0.0,0.2,0.36,0.05,0.21,0.18,113.0,14.0,193.0,1.0,0.15,0.38,0.08,0.19,0.2,4.355707583980363,0.0,0.0,0.015873015726652284,66.05060658810231,934.0,509.1537114418737
184,2020-11-24,13.67,38.0,-47.62861025036933,1100,16.0,688.314149025036,543.4247368840913,164.0,24.0,27.0,0.0,0.0,0.09,0.45,0.05,0.23,0.18,125.0,18.0,168.0,1.0,0.18,0.33,0.09,0.21,0.19,4.5088524334462265,0.0,0.0,0.01587301536586845,61.95225292475255,1264.0,671.5147646192858
185,2020-11-25,14.75,33.0,-47.089541044418745,578,26.0,814.0161020210383,595.5597672287057,67.0,15.0,13.0,0.0,0.0,0.09,0.49,0.08,0.15,0.19,78.0,14.0,113.0,0.0,0.16,0.37,0.1,0.19,0.18,6.374127525218549,0.0,0.0,0.015873015726673295,52.67857596303229,645.0,725.567267694789
186,2020-11-27,16.08,100.0,-46.30047183846816,1412,66.0,561.9757071494129,686.0660895044417,383.0,77.0,76.0,0.0,0.0,0.16,0.44,0.04,0.15,0.21,169.0,39.0,232.0,0.0,0.14,0.38,0.1,0.19,0.19,10.012542950867063,0.0,0.0,0.015873015726673295,85.49411895932575,1795.0,919.2049935459476
187,2020-11-30,16.559998999999998,37.0,-46.361403632517565,5903,251.0,997.6546570019768,554.9243032333452,68.0,14.0,11.0,0.0,0.0,0.15,0.46,0.04,0.18,0.16,680.0,106.0,1180.0,1.0,0.15,0.39,0.08,0.2,0.19,11.366838429129649,0.0,0.0,0.015873015726673295,79.94637268817993,5971.0,630.5581257157933
188,2020-12-01,15.8,26.0,-47.662333426567,4607,175.0,4389.188661997127,816.1343108814473,49.0,17.0,10.0,0.0,0.0,0.1,0.46,0.04,0.16,0.24,673.0,82.0,983.0,1.0,0.14,0.4,0.08,0.2,0.18,22.59655043529265,0.0,0.0,0.01587301572668461,170.3909930013134,4656.0,1217.2407720234703
189,2020-12-02,16.58,21.0,-47.423264220616396,2319,77.0,3550.915631163284,3373.998805838667,52.0,12.0,7.0,0.0,0.0,0.14,0.35,0.09,0.23,0.18,355.0,40.0,607.0,1.0,0.13,0.39,0.09,0.2,0.19,92.6287523770632,0.0,0.0,0.015873015726673295,235.84433628301923,2371.0,4588.237116017718
190,2020-12-03,16.120001000000002,25.0,-48.42419401466579,827,46.0,2371.64532405957,4221.091763868866,61.0,15.0,12.0,0.0,0.0,0.18,0.4,0.07,0.2,0.15,152.0,17.0,251.0,1.0,0.14,0.39,0.09,0.2,0.18,83.20139992198442,0.0,0.0,0.015873015726673295,107.44900844141326,888.0,3645.9161543409805
191,2020-12-04,16.9,25.0,-48.18512580871522,1413,83.0,827.0000000000003,2533.049361551435,61.0,14.0,7.0,0.0,0.0,0.29,0.32,0.07,0.14,0.19,193.0,28.0,287.0,1.0,0.14,0.38,0.09,0.2,0.18,44.238729991585295,0.0,0.0,0.015873015726673295,96.71128153660962,1474.0,2431.0376890741863
192,2020-12-07,16.35,24.0,-49.27605660276463,1009,46.0,1413.0,827.0000000000003,41.0,18.0,4.0,0.0,0.0,0.14,0.33,0.09,0.11,0.33,153.0,16.0,198.0,1.0,0.15,0.38,0.06,0.2,0.2,17.000000000000004,0.0,0.0,0.015873015642135384,90.54889981433692,1050.0,887.9999999999998
193,2020-12-08,16.940001000000002,23.0,-49.22698639681405,10335,57.0,1009.0,1413.0,43.0,12.0,5.0,0.0,0.0,0.16,0.37,0.12,0.13,0.22,1425.0,157.0,2136.0,1.0,0.15,0.37,0.08,0.2,0.2,28.0,0.0,0.0,0.015873015365891432,85.60292303935057,10378.0,1474.0
194,2020-12-09,13.66,23.0,-53.047918190863456,3271,145.0,6766.4462684086975,1009.0,51.0,13.0,23.0,0.0,0.0,0.19,0.38,0.04,0.19,0.2,561.0,45.0,863.0,1.0,0.15,0.37,0.08,0.21,0.19,15.999999999999995,0.0,0.0,0.015873015449121786,78.00666270358269,3322.0,1050.0
195,2020-12-10,14.12,24.0,-53.128848984912864,1972,51.0,3806.1939809992964,3821.9333466440776,56.0,15.0,17.0,0.0,0.0,0.2,0.36,0.11,0.17,0.16,387.0,33.0,630.0,1.0,0.14,0.39,0.07,0.19,0.2,122.81560809115368,0.0,0.0,0.015873015365891432,71.54160049383877,2028.0,7092.524111360877
196,2020-12-11,13.31,24.0,-54.479779778962275,918,32.0,694.5109108648749,3806.1939809992964,45.0,15.0,15.0,0.0,0.0,0.2,0.34,0.05,0.17,0.24,167.0,16.0,271.0,0.0,0.16,0.38,0.07,0.2,0.19,59.95219095577672,0.0,0.0,0.015873015621458805,67.41096495171118,963.0,3866.3824350823697
197,2020-12-14,12.72,25.0,-55.6107105730117,2300,40.0,2537.651171911453,2160.3830405107874,49.35714285714285,14.928571428571427,14.785714285714285,0.0,0.0,0.2392857142857143,0.3257142857142857,0.047142857142857146,0.16285714285714287,0.225,412.0,38.0,761.0,0.0,0.16,0.38,0.07,0.2,0.19,52.13577994232888,0.0,0.0,0.015873015365891432,65.04780208239696,2349.3571428571427,731.2970090740373
198,2020-12-15,13.85,30.0,-55.02164136706112,895,35.0,2555.495240624499,3527.055996564447,53.714285714285715,14.857142857142858,14.571428571428573,0.0,0.0,0.2785714285714286,0.31142857142857144,0.04428571428571429,0.15571428571428572,0.21,184.0,17.0,300.0,0.0,0.15,0.37,0.08,0.2,0.2,42.2028534039034,0.0,0.0,0.015873015449121786,60.830344053965405,948.7142857142857,2257.8002617267985
199,2020-12-16,13.85,25.0,-55.56257216111054,558,29.0,1871.0019082263607,2539.247765634726,58.07142857142857,14.785714285714285,14.357142857142858,0.0,0.0,0.3178571428571429,0.29714285714285715,0.04142857142857143,0.14857142857142858,0.195,75.0,8.0,155.0,1.0,0.14,0.4,0.07,0.2,0.19,44.577598888770616,0.0,0.0,0.015873015365891432,58.37544027464474,616.0714285714286,2617.244429813101
200,2020-12-17,14.83,25.0,-55.12350295515994,536,133.0,1557.681874995961,2098.791991386553,62.42857142857143,14.714285714285715,14.142857142857142,0.0,0.0,0.3571428571428572,0.2828571428571429,0.038571428571428576,0.14142857142857146,0.18,43.0,18.0,56.0,0.0,0.18,0.34,0.07,0.21,0.2,55.865432983021456,0.0,0.0,0.01587301571063464,57.38602042240685,598.4285714285714,1928.6077564673874
201,2020-12-18,15.63,34.0,-54.864433749209354,2422,7197.0,1397.8111458272033,1824.4476393942261,66.78571428571428,14.642857142857142,13.928571428571427,0.0,0.0,0.39642857142857146,0.26857142857142857,0.03571428571428572,0.13428571428571429,0.16499999999999998,206.0,33.0,275.0,1.0,0.16,0.35,0.08,0.21,0.2,26.268875290357553,0.0,0.0,0.0158730157659531,57.528322069230924,2488.785714285714,1619.049792114085
202,2020-12-21,15.53,28.0,-55.50536454325877,2082,42.0,1546.6868923239895,1648.9337297625634,71.14285714285714,14.571428571428573,13.714285714285715,0.0,0.0,0.4357142857142858,0.25428571428571434,0.03285714285714286,0.12714285714285714,0.15,282.0,75.0,372.0,1.0,0.14,0.39,0.08,0.21,0.18,27.282726594735077,0.0,0.0,0.0158730157659531,58.51652328169747,2153.1428571428573,1462.5285270100294
203,2020-12-22,19.459999,29.0,-52.11629633730818,2581,109.0,2358.601637570831,2274.314691539633,75.5,14.5,13.5,0.0,0.0,0.475,0.24,0.03,0.12,0.135,367.0,81.0,559.0,1.0,0.15,0.37,0.08,0.21,0.19,31.736820649687534,0.0,0.0,0.0158730157659531,60.142862187752435,2656.5,2117.5268093225072
204,2020-12-23,20.57,30.0,-51.547226131357604,6786,161.0,1760.9194725631235,1711.2343835192694,79.85714285714286,14.428571428571427,13.285714285714285,0.0,0.0,0.5142857142857143,0.2257142857142857,0.027142857142857142,0.11285714285714285,0.12,1003.0,147.0,1396.0,1.0,0.16,0.38,0.08,0.2,0.19,48.23325378979902,0.0,0.0,0.015873015710630885,62.26688747428776,6865.857142857143,2029.1290238038266
205,2020-12-24,20.15,38.0,-52.50815692540703,4014,100.0,3928.484633782761,2246.3403911722785,84.21428571428571,14.357142857142858,13.071428571428573,0.0,0.0,0.5535714285714286,0.21142857142857144,0.02428571428571429,0.10571428571428572,0.10499999999999997,730.0,103.0,1141.0,1.0,0.15,0.38,0.08,0.21,0.18,56.680751183598964,0.0,0.0,0.0158730157659531,64.79857611161904,4098.214285714285,2236.0843342967314
206,2020-12-28,20.99,23.0,-52.209087719456434,3103,116.0,3102.097423296997,3067.0621586536354,88.57142857142857,14.285714285714285,12.857142857142858,0.0,0.0,0.5928571428571429,0.19714285714285715,0.021428571428571432,0.09857142857142856,0.09,473.0,83.0,651.0,1.0,0.15,0.38,0.07,0.21,0.19,97.82018500356831,0.0,0.0,0.0158730157659531,67.67960799105145,3191.5714285714284,4018.0697874209545
207,2020-12-29,19.379999,19.0,-54.36001951350583,4103,120.0,2832.920693736368,2835.6421274594927,92.92857142857142,14.214285714285715,12.642857142857142,0.0,0.0,0.6321428571428572,0.18285714285714288,0.01857142857142857,0.09142857142857144,0.07500000000000001,551.0,127.0,824.0,1.0,0.15,0.38,0.08,0.21,0.19,81.9985302926215,0.0,0.0,0.0158730157659531,70.8737200764768,4195.928571428572,3178.923537085692
208,2020-12-30,19.26,21.0,-55.02094930755525,2590,105.0,3320.8380303691065,2765.1637661348577,97.28571428571428,14.142857142857142,12.428571428571427,0.0,0.0,0.6714285714285715,0.1685714285714286,0.015714285714285715,0.0842857142857143,0.06,421.0,58.0,666.0,1.0,0.14,0.4,0.09,0.19,0.18,74.44827765574622,0.0,0.0,0.01587301571060241,74.3581422681107,2687.285714285714,2908.1115898770745
209,2020-12-31,18.84,23.0,-55.98188010160465,7708,147.0,2785.486151174536,3104.431008519996,101.64285714285714,14.071428571428573,12.214285714285715,0.0,0.0,0.7107142857142859,0.1542857142857143,0.012857142857142859,0.07714285714285715,0.044999999999999984,805.0,205.0,986.0,1.0,0.18,0.35,0.06,0.2,0.21,103.64052802204388,0.0,0.0,0.015873015702404108,78.11246434685901,7809.642857142857,3403.20167506539
210,2021-01-04,17.25,4.0,-58.11281089565408,2031,94.0,4832.403278012263,2861.6778793115723,106.0,14.0,12.0,0.0,0.0,0.75,0.14,0.01,0.07,0.03,353.0,52.0,544.0,1.0,0.14,0.4,0.07,0.2,0.18,68.7102765486496,0.0,0.0,0.015873015702404108,82.10504234432427,2137.0,2864.526773698232
211,2021-01-05,17.370001000000002,4.0,-58.533740689703464,2513,93.0,3155.8698929702036,4162.376352893611,84.0,12.0,8.0,0.0,0.0,0.68,0.18,0.02,0.08,0.04,411.0,55.0,708.0,1.0,0.14,0.37,0.08,0.21,0.19,133.0884150196601,0.0,0.0,0.015873015702404108,86.30525777698176,2597.0,4936.914314759212
212,2021-01-06,18.360001,3.0,-58.0846714837529,3633,110.0,3157.7897028850452,3395.058765993293,82.0,8.0,2.0,0.0,0.0,0.76,0.1,0.01,0.05,0.08,559.0,54.0,807.0,1.0,0.15,0.39,0.07,0.2,0.18,100.97480260785058,0.0,0.0,0.015873015670938,90.66449964082751,3715.0,3235.4683629772317
213,2021-01-07,18.08,5.0,-58.90560327780232,1111,199.0,3473.582266097956,3312.7087117197498,108.0,14.0,8.0,0.0,0.0,0.72,0.12,0.03,0.1,0.03,105.0,29.0,161.0,1.0,0.16,0.37,0.1,0.2,0.18,87.45477524873716,0.0,0.0,0.015873015702404108,89.18864368395386,1219.0,3235.7679616897894
214,2021-01-08,17.690001000000006,4.0,-59.83653307185172,1283,96.0,2678.803590245592,3464.828785251034,230.0,40.0,48.0,0.0,0.0,0.4,0.31,0.04,0.13,0.12,127.0,36.0,315.0,1.0,0.14,0.39,0.11,0.17,0.19,77.34681678093813,0.0,0.0,0.015873015702404108,87.65734890909096,1513.0,3557.129524908846
215,2021-01-11,19.940001,3.0,-58.12746386590115,3734,407.0,2539.383000403873,3035.630576061616,139.0,14.0,51.0,0.0,0.0,0.08,0.36,0.04,0.16,0.37,506.0,76.0,694.0,1.0,0.16,0.36,0.08,0.21,0.2,59.97759781190491,0.0,0.0,0.015873015702404108,91.95743094628482,3873.0,2759.740896398698
216,2021-01-12,19.950001,3.0,-58.65839465995056,3452,313.0,3254.82075421861,2863.9626948101177,89.0,11.0,24.0,1.0,0.0,0.12,0.4,0.07,0.17,0.24,578.0,57.0,755.0,1.0,0.14,0.4,0.07,0.2,0.18,49.93516669453852,0.011235955056179777,0.0,0.015873015670938,124.05735883766431,3541.0,2672.2827306305994
217,2021-01-13,31.4,4.0,-47.749326453999956,13500,4249.0,3230.203803284424,3167.2515171175787,54.0,6.0,10.0,0.0,0.0,0.07,0.54,0.1,0.16,0.13,1636.0,306.0,2389.0,1.0,0.15,0.37,0.09,0.2,0.19,59.93847288782224,0.0,0.0,0.015873015702404108,128.46461947739323,13554.0,3371.570295741926
218,2021-01-14,39.91,4.0,-39.78025724804938,23595,5395.0,6591.374299476554,3200.910776873475,89.0,30.0,21.0,0.0,2.0,0.19,0.4,0.09,0.14,0.19,2605.0,458.0,3782.0,1.0,0.15,0.39,0.07,0.21,0.19,58.93335463429001,0.0,0.0,0.015873015702404108,118.07437584173536,23684.0,3332.8109467327827
219,2021-01-15,35.5,4.0,-44.731188042098786,24479,7584.0,23595.0,5052.859000139256,12.0,5.0,3.0,0.0,0.0,0.25,0.46,0.04,0.18,0.07,2516.0,541.0,3822.0,1.0,0.16,0.37,0.08,0.2,0.19,111.58444795480685,0.0,0.0,0.015873015702404108,103.94634627282785,24491.0,6693.499298625618
220,2021-01-19,39.360001,4.0,-41.41211783614821,66535,2631.0,24479.0,23595.0,58.0,11.0,13.0,0.0,0.0,0.15,0.54,0.07,0.13,0.09,1926.0,321.0,3053.0,1.0,0.14,0.39,0.08,0.2,0.19,458.0,0.0,0.0,0.03174603172441595,100.8795396939362,66593.0,23684.0
221,2021-01-20,39.119999,3.0,-42.193050630197625,56255,4603.0,70338.04472658348,24479.0,56.0,14.0,18.0,0.0,0.0,0.1,0.46,0.12,0.21,0.12,2911.0,356.0,4167.0,1.0,0.15,0.38,0.08,0.2,0.19,578.0994716494308,0.0,0.0,0.03174603174587361,35.41242410463413,56311.0,24491.0
222,2021-01-21,43.029999,8.0,-38.82398142424703,72344,2430.0,92160.95025941693,99786.09981545896,160.0,30.0,31.0,0.0,1.0,0.13,0.45,0.07,0.16,0.19,2228.0,362.0,3104.0,1.0,0.15,0.37,0.08,0.2,0.19,202.43617879232517,0.0,0.0,0.031746031745062665,76.48217123095313,72504.0,70236.33692402644
223,2021-01-22,65.010002,7.0,-17.384909218296443,143554,2348.0,101792.44363277244,99815.52111993484,277.0,59.0,78.0,0.0,6.0,0.12,0.47,0.12,0.14,0.15,5147.0,830.0,8744.0,1.0,0.14,0.38,0.08,0.21,0.19,303.40765621069187,0.0,0.0,0.031746031612120286,71.29916939191178,143831.0,102447.21124661426
224,2021-01-25,76.790001,11.0,-6.145841012345855,3081,4263.0,128978.10320891881,88783.44841359719,13.0,4.0,4.0,0.0,0.0,0.18,0.49,0.06,0.14,0.12,14921.0,3597.0,25099.0,1.0,0.16,0.37,0.09,0.2,0.18,392.4200141734546,0.0,0.0,0.03968253968253968,93.11123871231521,3094.0,101959.6803795516
225,2021-01-26,147.979996,17.0,64.50322319360473,2668,3150.0,290039.8391153713,173563.14014454675,729.0,184.0,265.0,12.0,17.0,0.11,0.45,0.13,0.17,0.14,6393.0,1092.0,11741.0,1.0,0.14,0.4,0.08,0.2,0.18,782.4145439887047,0.01646090534979424,0.0,6.0,153.22605885510376,3397.0,140609.79805796314
226,2021-01-27,347.51001,55.0,263.49230639955533,300938,85018.0,126737.8085964982,0.0,661.0,117.0,178.0,69.0,60.0,0.11,0.46,0.09,0.18,0.16,7164.0,2213.0,14239.0,1.0,0.15,0.37,0.08,0.23,0.18,8062.453646008077,0.1043872919818457,0.0,0.9476069163780211,115.35842960907563,301599.0,276427.23190442927
227,2021-01-28,193.600006,100.0,109.04137160550593,742914,212058.0,157776.48574104375,0.0,1416.0,275.0,744.0,13.0,54.0,0.1,0.49,0.09,0.18,0.13,20188.0,4365.0,51370.0,1.0,0.14,0.42,0.07,0.2,0.17,1460.7348485381078,0.009180790960451978,0.00035320303932222333,0.0,152.4983720096418,744330.0,127095.69862830793
228,2021-01-29,325.0,89.0,239.90043481145645,557836,19860.0,893538.6420116377,0.0,732.0,152.0,422.0,17.0,18.0,0.1,0.46,0.09,0.19,0.16,19819.0,4451.0,44792.0,1.0,0.14,0.41,0.07,0.19,0.18,1799.2741307303788,0.023224043715847,0.16564765939621176,81.03218782158086,559.1495039575005,558568.0,53166.37940289499
229,2021-02-01,225.0,34.0,139.35950401740706,650838,1743636.0,107617.86304692212,625398.4198172695,663.0,143.0,391.0,18.0,31.0,0.09,0.49,0.1,0.18,0.14,7976.0,1725.0,18779.0,1.0,0.13,0.4,0.07,0.21,0.19,1058.0387385779711,0.027149321266968326,0.0,44.95470255399795,1319.230657976799,651501.0,897652.210162535
230,2021-02-02,90.0,31.0,3.81857322335766,575125,1802085.0,650838.0,17822.723620014633,647.0,128.0,352.0,16.0,19.0,0.08,0.49,0.1,0.19,0.14,4865.0,923.0,12608.0,1.0,0.13,0.38,0.08,0.23,0.19,4598.5448279814145,0.02472952086553323,0.006427155089314027,31.03009623235217,1335.8282231048852,575772.0,109144.36468515819
231,2021-02-03,92.410004,24.0,5.687646429308245,328576,1331533.0,575125.0,650838.0,1049.0,246.0,655.0,18.0,58.0,0.07,0.5,0.09,0.21,0.14,5478.0,829.0,11336.0,1.0,0.13,0.39,0.08,0.21,0.19,5299.5354834858335,0.017159199237368927,0.010936653839026636,31.0,696.2028151175748,329625.0,651501.0
232,2021-02-04,53.5,17.0,-33.76328836474116,249819,932990.0,328576.0,575125.0,257.0,70.0,155.0,2.0,11.0,0.07,0.54,0.09,0.16,0.14,14340.0,2178.0,32472.0,1.0,0.13,0.39,0.07,0.22,0.19,3327.0228742072863,0.007782101167315175,0.02555140433473481,19.0,654.6745265804279,250076.0,575772.0
233,2021-02-05,63.77,17.0,-24.03421915879057,8286,56000.0,249819.0,328576.0,412.0,124.5,217.5,8.5,19.0,0.07500000000000001,0.525,0.08499999999999999,0.165,0.15000000000000002,929.0,61.0,1848.0,1.0,0.13,0.38,0.07,0.22,0.21,1612.5839629881916,0.02063106796116505,0.023173835379187883,99.4907564244323,988.8486105566247,8698.0,329625.0
234,2021-02-08,60.0,8.0,-28.34514995283999,11171,853.0,0.0,249819.0,567.0,179.0,280.0,15.0,27.0,0.08,0.51,0.08,0.17,0.16,1527.0,196.0,3284.0,1.0,0.12,0.41,0.08,0.2,0.19,1603.1553629786279,0.026455026455026454,0.01947791036707808,27.616420402662406,718.1745387843275,11738.0,250076.0
235,2021-02-09,50.310001,9.0,-38.576079746889405,49340,1219.0,33449.87772924044,0.0,626.0,191.0,352.0,22.0,19.0,0.08,0.51,0.08,0.19,0.14,7747.0,1176.0,17135.0,1.0,0.13,0.38,0.08,0.22,0.19,0.0,0.03514376996805112,0.019896846917110453,23.906368493851595,37.768273917846045,49966.0,0.0
236,2021-02-10,51.200001,8.0,-38.22701054093882,47307,11548.0,156724.47883161757,40555.12898042528,1043.0,210.0,1203.0,108.0,20.0,0.11,0.43,0.06,0.22,0.18,4386.0,719.0,8600.0,1.0,0.14,0.37,0.08,0.21,0.19,819.6773835409402,0.10354745925215723,0.021318335191139258,25.244954214186734,939.3754082687822,48350.0,33873.03675652504
237,2021-02-11,51.099998,7.0,-38.86794433498825,43599,7149.0,129627.85692282935,293907.3854444121,810.0,203.0,561.0,22.0,23.0,0.08,0.52,0.07,0.19,0.13,4472.0,569.0,8604.0,1.0,0.13,0.38,0.07,0.23,0.19,2946.283107402119,0.02716049382716049,0.023747721144442763,22.614419742786197,375.73099305905,44409.0,59198.71072788068
238,2021-02-12,52.400002,7.0,-38.108871129037645,16489,619.0,53838.44187446449,207078.32019380206,1078.0,198.0,804.0,18.0,17.0,0.07,0.5,0.07,0.24,0.12,2337.0,197.0,4763.0,1.0,0.12,0.41,0.07,0.21,0.19,0.0,0.016697588126159554,0.046048542543389255,21.492799845780105,599.4885475543831,17567.0,130356.94939238396
239,2021-02-16,49.509998,5.0,-41.539805923087066,5067,707.0,16319.677010119274,64262.323829852176,328.0,66.0,156.0,13.0,11.0,0.09,0.47,0.1,0.19,0.14,899.0,79.0,1743.0,1.0,0.12,0.4,0.09,0.2,0.19,719.734643261336,0.03963414634146342,0.038509806387188726,22.133782677391775,924.0646464907124,5395.0,48141.59218903038
240,2021-02-17,45.939999,5.0,-45.65073571713648,3694,166.0,11779.832109392208,23505.946937798813,406.0,90.0,313.0,21.0,5.0,0.09,0.47,0.11,0.19,0.14,757.0,79.0,1801.0,1.0,0.12,0.42,0.06,0.2,0.19,405.49185279143035,0.05172413793103448,0.03289596410328887,19.96150863726068,946.8033559475241,4100.0,18596.93695464268
241,2021-02-18,40.689999,7.0,-51.44166651118586,127500,714.0,11207.034179664353,15547.903338115495,73.0,15.0,56.0,1.0,1.0,0.09,0.48,0.11,0.17,0.15,2823.0,291.0,9427.0,1.0,0.12,0.42,0.07,0.2,0.19,303.6504140219784,0.0136986301369863,0.03435547354996918,16.07224322391863,821.485560997859,127573.0,12005.23509760512
242,2021-02-19,40.59,6.0,-52.08259630523529,11151,608.0,160950.21636101074,19175.243221258053,396.0,121.0,243.0,4.0,6.0,0.09,0.48,0.09,0.18,0.17,1697.0,108.0,4123.0,1.0,0.12,0.41,0.06,0.2,0.2,219.55687878395162,0.010101010101010102,0.039010020144083064,10.977613240430749,340.17034374376124,11547.0,11654.499588301504
243,2021-02-22,46.0,4.0,-47.213527099284704,35151,714.0,11151.0,167268.57553707805,270.0,54.0,125.0,4.0,5.0,0.1,0.45,0.09,0.22,0.14,3606.0,1019.0,5863.0,1.0,0.15,0.38,0.07,0.21,0.19,323.87380273897185,0.014814814814814815,0.03290901839560535,6.06748138267769,436.9971672135984,35421.0,160730.10150379306
244,2021-02-23,44.970001,5.0,-48.78445689333413,53284,61151.0,35151.0,11151.0,40.0,11.0,19.0,0.0,0.0,0.06,0.48,0.08,0.25,0.13,1783.0,239.0,3006.0,1.0,0.15,0.38,0.07,0.21,0.2,69.4515172685388,0.0,0.028552107795329733,6.0340351703929525,333.00826661099757,53324.0,11547.0
245,2021-02-24,91.709999,10.0,-2.58538968738354,219220,267265.0,53284.0,35151.0,197.0,18.0,48.0,2.0,15.0,0.18,0.45,0.07,0.16,0.14,2148.0,570.0,3783.0,1.0,0.15,0.39,0.07,0.2,0.2,810.5409944142865,0.01015228426395939,0.02592851038375276,5.538454023366318,428.79806892132484,219417.0,35421.0
246,2021-02-25,108.730003,18.0,13.893683518567045,361811,435974.0,219220.0,53284.0,1244.0,172.0,262.0,14.0,106.0,0.17,0.44,0.08,0.14,0.18,3438.0,911.0,6657.0,1.0,0.13,0.43,0.07,0.21,0.17,246.13269216881974,0.011254019292604502,0.02049210840905178,2.8826398882531303,127.1652925876769,363055.0,53324.0
247,2021-02-26,101.739998,11.0,6.362747724517633,292151,319395.0,361811.0,219220.0,193.0,38.0,65.0,1.0,9.0,0.1,0.5,0.09,0.17,0.14,3837.0,960.0,7340.0,1.0,0.13,0.39,0.08,0.2,0.19,587.6409954740096,0.0051813471502590676,0.01783726812660367,8.567169365462085,175.3187689459496,292344.0,219417.0
248,2021-03-01,120.400002,6.0,24.481820930468217,165929,159941.5,292151.0,361811.0,351.0,62.0,114.0,9.0,20.0,0.1,0.52,0.07,0.16,0.16,2382.0,611.0,4334.5,1.0,0.14,0.385,0.07,0.205,0.195,726.9342550294167,0.02564102564102564,0.016061628874283276,79.19421995357001,691.0802623232576,166280.0,363055.0
249,2021-03-02,118.18,6.0,21.72088813641881,39707,488.0,165929.0,292151.0,58.0,13.0,17.0,1.0,2.0,0.1,0.47,0.08,0.12,0.23,927.0,262.0,1329.0,1.0,0.15,0.38,0.06,0.21,0.2,812.1311230233838,0.017241379310344827,0.013130445577873448,26.92915832626076,448.8463900226633,39765.0,292344.0
250,2021-03-03,124.18,6.0,27.179957342369388,43982,238027.0,39707.0,165929.0,53.0,17.0,25.0,0.0,0.0,0.12,0.44,0.12,0.16,0.17,4016.0,669.0,5629.0,1.0,0.14,0.37,0.07,0.22,0.2,622.1344286200914,0.0,0.0163445299554364,24.935412374689243,412.6085790272452,44035.0,166280.0
251,2021-03-04,132.350006,6.0,34.809032548320005,95619,237148.0,43982.0,39707.0,338.0,100.0,131.0,1.0,37.0,0.13,0.48,0.09,0.14,0.17,2313.0,345.0,3087.0,1.0,0.15,0.39,0.07,0.2,0.19,422.4723221707438,0.002958579881656805,0.016551963591984232,19.626707430290146,280.2170409472916,95957.0,39765.0
252,2021-03-05,137.740005,6.0,39.65810075427058,7209,34133.0,95619.0,43982.0,376.0,83.0,106.0,1.0,27.0,0.12,0.45,0.07,0.19,0.17,752.0,114.0,1152.0,1.0,0.13,0.42,0.06,0.2,0.19,672.9195383927014,0.0026595744680851068,0.012720425662179824,13.18591435313938,187.3027451927502,7585.0,44035.0
253,2021-03-08,194.5,6.0,95.87716496022115,8246,659.0,7209.000000000015,95619.0,36.0,6.0,20.0,0.0,5.0,0.15,0.47,0.13,0.17,0.09,979.0,150.0,1240.0,1.0,0.16,0.37,0.07,0.21,0.19,394.7406411805217,0.0,0.01031172990544509,19.949957804595968,248.03059205691238,8282.0,95957.0
254,2021-03-09,246.899994,9.0,147.73622816617174,105725,1687.0,8246.0,7209.000000000015,122.0,18.0,18.0,0.0,1.0,0.14,0.43,0.05,0.18,0.2,3713.0,598.0,5381.0,1.0,0.15,0.39,0.07,0.2,0.19,278.9311946641696,0.0,0.008369134590567479,21.66366276623871,296.15999256934697,105847.0,7585.0
255,2021-03-10,265.0,11.0,165.2953033721223,222913,3162.0,105725.0,8246.0,185.0,47.0,48.0,3.0,11.0,0.14,0.45,0.05,0.19,0.16,6039.0,910.0,10216.0,1.0,0.16,0.37,0.08,0.19,0.2,255.05089028942783,0.016216216216216217,0.006208390532802149,15.938029241875773,199.35778424311263,223098.0,8282.0
256,2021-03-11,260.0,9.0,159.75437257807292,100889,2011.0,249932.22618619827,105725.0,104.0,14.0,35.0,4.0,7.0,0.1,0.44,0.04,0.19,0.23,6357.0,1187.0,10180.0,1.0,0.16,0.37,0.08,0.2,0.19,518.4278397592827,0.038461538461538464,0.004583506321939833,13.171802790184524,169.82403607633182,100993.0,105847.0
257,2021-03-12,264.5,7.0,163.7134417840235,73679,1598.0,100889.0,246644.7041882297,94.0,53.0,29.0,4.0,6.0,0.18,0.44,0.07,0.14,0.17,1911.0,283.0,2766.0,1.0,0.15,0.39,0.07,0.2,0.19,705.4280445105043,0.0425531914893617,0.007534333591513283,14.687611197891275,175.60152237590944,73773.0,249555.74785499793
258,2021-03-15,220.139999,7.0,118.81250998997407,78381,902.0,73679.0,100889.0,70.0,17.0,13.0,1.0,2.0,0.11,0.41,0.12,0.19,0.18,2216.0,354.0,3632.0,1.0,0.14,0.4,0.07,0.19,0.19,944.6532502947032,0.014285714285714284,0.014800229125079552,12.985781316079503,148.53529067841356,78451.0,100993.0
259,2021-03-16,208.169998,7.0,106.30157819592466,72932,1056.0,78381.0,73679.0,73.0,14.0,24.0,6.0,1.0,0.11,0.43,0.08,0.18,0.2,2522.0,306.0,4660.0,1.0,0.13,0.41,0.07,0.2,0.19,379.1207586810843,0.0821917808219178,0.024014342899196867,11.875022287673229,127.80554010124501,73005.0,73773.0
260,2021-03-17,209.809998,7.0,107.40064740187526,32847,652.0,72932.0,78381.0,79.0,23.0,30.0,4.0,6.0,0.15,0.42,0.08,0.19,0.17,5722.0,1171.0,10564.0,1.0,0.16,0.38,0.07,0.2,0.19,518.601972590018,0.05063291139240506,0.01617267514947231,9.754694880081466,105.76342049383217,32926.0,78451.0
261,2021-03-18,201.75,6.0,98.79971860782585,32667,615.0,32847.0,72932.0,11.0,3.0,6.0,0.0,0.0,0.12,0.21,0.07,0.37,0.23,5397.875,1130.25,9802.0,1.0,0.16,0.37875,0.07,0.20125,0.19,380.81033840253195,0.0,0.03887723659347602,8.22823692156494,93.26747687790478,32678.0,73005.0
262,2021-03-19,200.270004,7.0,96.77879181377644,32487,578.0,32667.0,32847.0,78.0,18.0,30.0,1.0,2.0,0.17,0.39,0.04,0.22,0.18,5073.75,1089.5,9040.0,1.0,0.16,0.3775,0.07,0.2025,0.19,960.1581066805704,0.01282051282051282,0.04655427138610789,8.758812288009295,87.87093076980283,32565.0,32926.0
263,2021-03-22,194.490005,5.0,90.45786201972705,32307,541.0,32487.0,32667.0,58.0,9.0,32.0,1.0,0.0,0.1,0.43,0.05,0.25,0.17,4749.625,1048.75,8278.0,1.0,0.16,0.37625,0.07,0.20375,0.19,888.5827762773113,0.017241379310344827,0.018947473250103063,5.0703533857059355,58.667919028670795,32365.0,32678.0
264,2021-03-23,181.75,7.0,77.17692622567762,32128,504.0,32307.0,32487.0,147.0,35.0,32.0,3.0,7.0,0.15,0.38,0.04,0.22,0.22,4425.5,1008.0,7516.0,1.0,0.16,0.375,0.07,0.205,0.19,985.6499044917892,0.020408163265306117,0.020856256789933074,4.310883370823307,66.12675491419044,32275.0,32565.0
265,2021-03-24,120.339996,6.0,15.225991431628206,31948,467.0,32128.0,32307.0,135.0,40.0,53.0,5.0,3.0,0.15,0.44,0.05,0.2,0.16,4101.375,967.25,6754.0,1.0,0.16,0.37375,0.07,0.20625,0.19,982.097255916403,0.037037037037037035,0.02152849477093701,3.2465539529594563,63.09187120902615,32083.0,32365.0
266,2021-03-25,183.75,6.0,78.09506463757879,31768,430.0,31948.0,32128.0,27.0,8.0,13.0,0.0,1.0,0.12,0.5,0.05,0.15,0.19,3777.25,926.5,5992.0,1.0,0.16,0.3725,0.07,0.2075,0.19,985.0241430234113,0.0,0.022276251061779283,4.161539878070794,94.84354644553848,31795.0,32275.0
267,2021-03-26,181.0,7.0,74.80413384352937,31588,393.0,31768.0,31948.0,122.0,17.0,47.0,2.0,11.0,0.13,0.47,0.07,0.17,0.15,3453.125,885.75,5230.0,1.0,0.16,0.37125,0.07,0.20875,0.19,966.9948533395802,0.016393442622950817,0.02791760055640554,3.8851898913746092,110.02666574151712,31710.0,32083.0
268,2021-03-29,181.300003,5.0,74.56320604947996,31409,356.0,31588.0,31768.0,196.0,35.0,61.0,5.0,16.0,0.12,0.46,0.07,0.21,0.14,3129.0,845.0,4468.0,1.0,0.16,0.37,0.07,0.21,0.19,943.7841225360713,0.025510204081632654,0.014906874734655157,3.1987677634185268,78.63624381839045,31605.0,31795.0
269,2021-03-30,194.460007,5.0,87.18227925543053,41343,336.0,31409.0,31588.0,247.0,55.0,68.0,2.0,19.0,0.11,0.53,0.06,0.15,0.15,452.0,112.0,733.0,1.0,0.14,0.39,0.08,0.2,0.19,914.0739341576796,0.008097165991902834,0.020865266312039228,5.03685555327235,95.09025352882422,41590.0,31710.0
270,2021-03-31,189.820007,5.0,82.00134846138113,32201,305.0,41343.0,31409.0,35.0,5.0,17.0,0.0,1.0,0.16,0.41,0.07,0.18,0.19,1071.0,158.0,1206.0,1.0,0.16,0.38,0.06,0.2,0.2,881.0390989516435,0.0,0.02233263384022635,9.082830168879546,133.61103465536078,32236.0,31605.0
271,2021-04-01,191.449997,5.0,83.0904076673317,29086,340.0,32201.0,41343.0,35.0,5.0,17.0,0.0,1.0,0.16,0.41,0.07,0.18,0.19,869.0,182.0,1164.0,1.0,0.16,0.38,0.07,0.21,0.18,377.4399995384108,0.0,0.016487687430431774,11.178366403145994,177.32453172283488,29121.0,41590.0
272,2021-04-05,186.949997,4.0,78.0494768732823,30895,543.0,29086.0,32201.0,35.0,5.0,17.0,0.0,1.0,0.16,0.41,0.07,0.18,0.19,743.0,64.0,906.0,1.0,0.15,0.37,0.07,0.22,0.19,407.6731517611402,0.0,0.013329141065936788,6.45719498384161,122.79313597894635,30930.0,32236.0
273,2021-04-06,184.5,5.0,75.0585490792329,24684,188.0,30895.0,29086.0,35.0,5.0,17.0,0.0,1.0,0.16,0.41,0.07,0.18,0.19,686.0,108.0,1068.0,1.0,0.14,0.41,0.06,0.21,0.19,302.12524969007563,0.0,0.011616395417558873,5.645593322812869,89.4340769715952,24719.0,29121.0
274,2021-04-07,177.970001,4.0,67.98761928518348,25040,203.0,24684.0,30895.0,35.0,5.0,17.0,0.0,1.0,0.16,0.41,0.07,0.18,0.19,685.0,117.0,906.0,1.0,0.14,0.41,0.06,0.21,0.18,188.53172896910812,0.0,0.009685839359186595,4.957203595590908,68.63010946851418,25075.0,30930.0
275,2021-04-08,170.259995,4.0,59.73668249113408,30547,260.0,25040.0,24684.0,35.0,5.0,17.0,0.0,1.0,0.16,0.41,0.07,0.18,0.19,403.0,67.0,643.0,1.0,0.15,0.38,0.06,0.22,0.18,186.6713117284289,0.0,0.007967901357474121,4.365895123424336,55.740281129214225,30582.0,24719.0
276,2021-04-09,158.360001,4.0,47.295757697084674,27262,287.0,30547.0,25040.0,35.0,5.0,17.0,0.0,1.0,0.16,0.41,0.07,0.18,0.19,716.0,94.0,1064.0,1.0,0.17,0.36,0.06,0.22,0.19,156.7269002637311,0.0,0.006514615732089969,3.8572289853607526,47.80405413494265,27297.0,25075.0
277,2021-04-12,141.089996,4.0,29.48482190303525,31605,256.0,32031.65698070724,30547.0,35.0,5.0,17.0,0.0,1.0,0.16,0.41,0.07,0.18,0.19,583.0,83.33333333333333,857.6666666666665,0.6666666666666667,0.16333333333333333,0.3666666666666665,0.06333333333333334,0.22,0.18666666666666668,110.62959009762515,0.0,0.00522444810945439,3.420957929349692,42.90372095791748,31640.0,30582.0
278,2021-04-13,140.990005,4.0,28.84390010898582,35948,225.0,37404.81646056817,37748.96986208896,35.0,5.0,17.0,0.0,1.0,0.16,0.41,0.07,0.18,0.19,450.0,72.66666666666667,651.3333333333333,0.33333333333333337,0.15666666666666668,0.37333333333333335,0.06666666666666668,0.22,0.18333333333333326,119.44189370595093,0.0,0.0042088207091270265,3.048120949785603,39.87461652318315,35983.0,32091.598912597216
279,2021-04-14,166.529999,5.0,53.84296331493641,40291,194.0,40916.23395240914,42337.05094874718,35.0,5.0,17.0,0.0,1.0,0.16,0.41,0.07,0.18,0.19,317.0,62.0,445.0,0.0,0.15,0.38,0.07,0.22,0.18,98.38216286219891,0.0,0.003399271158623198,2.7308511133001985,38.00133003311463,40326.0,37466.49958450588
280,2021-04-15,156.440002,4.0,43.212035520886985,32609,252.0,44437.97822609046,44989.00946919551,35.0,5.0,17.0,0.0,1.0,0.16,0.41,0.07,0.18,0.19,633.0,75.0,960.0,1.0,0.14,0.39,0.07,0.21,0.18,88.88040946027486,0.0,0.002703415619337468,2.4618050215520553,36.85035866985633,32644.0,40978.31826093115
281,2021-04-16,154.690002,4.0,40.92110472683757,44554,310.0,35449.39313322789,47662.0271616416,35.0,5.0,17.0,0.0,1.0,0.16,0.41,0.07,0.18,0.19,419.0,76.0,642.0,1.0,0.15,0.39,0.06,0.22,0.17,76.23822209807693,0.0,0.0017882971232135773,2.234159887399099,36.142140249278285,44589.0,44500.71483373066
